Date,Returns
1/03/05,-0.0057
1/04/05,-0.0091
1/05/05,-0.0045
1/06/05,0.0015
1/07/05,-0.0001
1/10/05,0.0047
1/11/05,-0.0039
1/12/05,0.0034
1/13/05,-0.0059
1/14/05,0.0072
1/18/05,0.0108
1/19/05,-0.0068
1/20/05,-0.0064
1/21/05,-0.0076
1/24/05,-0.0066
1/25/05,0.0024
1/26/05,0.0046
1/27/05,0.0035
1/28/05,-0.0022
1/31/05,0.0103
2/01/05,0.0035
2/02/05,0.0055
2/03/05,-0.0002
2/04/05,0.0108
2/07/05,-0.0006
2/08/05,-0.0011
2/09/05,-0.0113
2/10/05,0.0022
2/11/05,0.0053
2/14/05,-0.0007
2/15/05,0.0032
2/16/05,-0.0001
2/17/05,-0.007
2/18/05,-0.0002
2/22/05,-0.0175
2/23/05,0.0033
2/24/05,0.0064
2/25/05,0.0071
2/28/05,-0.0023
3/01/05,0.0097
3/02/05,-0.0013
3/03/05,0.0038
3/04/05,0.0061
3/07/05,0.0001
3/08/05,-0.0056
3/09/05,-0.0079
3/10/05,0.0014
3/11/05,-0.0023
3/14/05,0.0035
3/15/05,-0.0047
3/16/05,-0.0091
3/17/05,0.0019
3/18/05,-0.0044
3/21/05,-0.0045
3/22/05,-0.0037
3/23/05,-0.0017
3/24/05,0.0031
3/28/05,0.0038
3/29/05,-0.0061
3/30/05,0.0116
3/31/05,-0.0012
4/01/05,-0.011
4/04/05,0.0037
4/05/05,0.0072
4/06/05,-0.0019
4/07/05,0.0025
4/08/05,-0.0083
4/11/05,-0.0026
4/12/05,0.0061
4/13/05,-0.0083
4/14/05,-0.0094
4/15/05,-0.0167
4/18/05,0.0011
4/19/05,0.0045
4/20/05,-0.0151
4/21/05,0.0175
4/22/05,-0.0129
4/25/05,0.0107
4/26/05,-0.0063
4/27/05,0.0038
4/28/05,-0.0101
4/29/05,0.0041
5/02/05,0.0079
5/03/05,0.0047
5/04/05,0.0121
5/05/05,0.0002
5/06/05,-0.0003
5/09/05,0.007
5/10/05,-0.0074
5/11/05,0.0016
5/12/05,-0.0078
5/13/05,-0.0052
5/16/05,0.0133
5/17/05,0.0064
5/18/05,0.0159
5/19/05,0.0053
5/20/05,-0.002
5/23/05,0.0044
5/24/05,-0.0019
5/25/05,-0.0042
5/26/05,0.0042
5/27/05,0.0003
5/31/05,-0.0051
6/01/05,0.0075
6/02/05,0.0075
6/03/05,-0.0095
6/06/05,0.0036
6/07/05,0.0028
6/08/05,-0.0033
6/09/05,0.0037
6/10/05,0.0003
6/13/05,0.0024
6/14/05,0.0096
6/15/05,0.0011
6/16/05,0.0025
6/17/05,-0.0008
6/20/05,-0.0006
6/21/05,-0.0013
6/22/05,0.0007
6/23/05,-0.0127
6/24/05,-0.0112
6/27/05,-0.0006
6/28/05,0.0151
6/29/05,-0.0028
6/30/05,-0.005
7/01/05,0.0028
7/05/05,0.0121
7/06/05,-0.0092
7/07/05,0.0006
7/08/05,0.0128
7/11/05,0.0068
7/12/05,0.0029
7/13/05,-0.0007
7/14/05,0.0036
7/15/05,0.0038
7/18/05,-0.0012
7/19/05,0.0059
7/20/05,0.0038
7/21/05,-0.009
7/22/05,0.0063
7/25/05,-0.0052
7/26/05,0.0026
7/27/05,0.003
7/28/05,0.0094
7/29/05,-0.0054
8/01/05,-0.0011
8/02/05,0.003
8/03/05,-0.0017
8/04/05,-0.011
8/05/05,-0.0094
8/08/05,-0.0026
8/09/05,0.0061
8/10/05,0.0001
8/11/05,0.0042
8/12/05,-0.0044
8/15/05,0.0048
8/16/05,-0.0165
8/17/05,0.0031
8/18/05,0.0019
8/19/05,-0.0031
8/22/05,0.0005
8/23/05,-0.0019
8/24/05,-0.0077
8/25/05,0.0029
8/26/05,-0.0063
8/29/05,0.0051
8/30/05,-0.0088
8/31/05,0.0091
9/01/05,-0.0067
9/02/05,-0.0028
9/06/05,0.0154
9/07/05,0.0062
9/08/05,-0.0064
9/09/05,0.0053
9/12/05,0.0049
9/13/05,-0.0121
9/14/05,-0.0065
9/15/05,0.0005
9/16/05,0.0025
9/19/05,-0.0094
9/20/05,-0.0144
9/21/05,-0.0156
9/22/05,0.011
9/23/05,0.0028
9/26/05,0.0022
9/27/05,0.0027
9/28/05,-0.0034
9/29/05,0.0073
9/30/05,0.0054
10/03/05,0.0005
10/04/05,-0.0036
10/05/05,-0.0123
10/06/05,0.0005
10/07/05,0.0002
10/10/05,-0.0069
10/11/05,-0.0026
10/12/05,-0.0075
10/13/05,-0.0003
10/14/05,0.0098
10/17/05,0.0075
10/18/05,-0.0086
10/19/05,0.0163
10/20/05,-0.0082
10/21/05,0.0013
10/24/05,0.0136
10/25/05,-0.0075
10/26/05,-0.0065
10/27/05,-0.0174
10/28/05,0.0179
10/31/05,0.014
11/01/05,-0.004
11/02/05,0.0107
11/03/05,0.0042
11/04/05,0.0017
11/07/05,0.0054
11/08/05,-0.0085
11/09/05,0.0007
11/10/05,0.0135
11/11/05,0.0018
11/14/05,-0.0002
11/15/05,-0.0104
11/16/05,-0.0004
11/17/05,0.0074
11/18/05,0.0034
11/21/05,0.0042
11/22/05,0.0068
11/23/05,0.0047
11/25/05,0.0006
11/28/05,-0.0086
11/29/05,0.0005
11/30/05,-0.0062
12/01/05,0.0086
12/02/05,0.0011
12/05/05,-0.0067
12/06/05,0.002
12/07/05,-0.0011
12/08/05,-0.0015
12/09/05,0.0035
12/12/05,0.0028
12/13/05,0.0041
12/14/05,0.0045
12/15/05,-0.0012
12/16/05,-0.0002
12/19/05,-0.0088
12/20/05,-0.0019
12/21/05,0.0031
12/22/05,0.0006
12/23/05,0.001
12/27/05,-0.008
12/28/05,0.0032
12/29/05,-0.0017
12/30/05,-0.007
1/03/06,0.0056
1/04/06,0.0016
1/05/06,-0.0026
1/06/06,0.0067
1/09/06,0.0061
1/10/06,0.0006
1/11/06,0.0036
1/12/06,-0.0057
1/13/06,-0.0013
1/17/06,-0.0067
1/18/06,0.002
1/19/06,0.0033
1/20/06,-0.0151
1/23/06,0.0017
1/24/06,0.0083
1/25/06,0.0007
1/26/06,0.006
1/27/06,0.0051
1/30/06,-0.0012
1/31/06,-0.0026
2/01/06,0.0024
2/02/06,-0.0019
2/03/06,-0.0051
2/06/06,-0.0028
2/07/06,-0.0059
2/08/06,0.0059
2/09/06,0.0011
2/10/06,0.0016
2/13/06,-0.0025
2/14/06,0.0137
2/15/06,0.0066
2/16/06,0.0038
2/17/06,-0.0037
2/21/06,-0.0048
2/22/06,0.0075
2/23/06,-0.0001
2/24/06,-0.0021
2/27/06,0.0078
2/28/06,-0.0093
3/01/06,0.0066
3/02/06,-0.0051
3/03/06,-0.0009
3/06/06,-0.0043
3/07/06,-0.0015
3/08/06,0.0046
3/09/06,-0.0017
3/10/06,0.0087
3/13/06,0.0009
3/14/06,0.0095
3/15/06,0.002
3/16/06,0.0046
3/17/06,0.0022
3/20/06,0.0012
3/21/06,-0.0039
3/22/06,0.0047
3/23/06,-0.0014
3/24/06,0.0007
3/27/06,-0.002
3/28/06,-0.0044
3/29/06,0.007
3/30/06,-0.0046
3/31/06,-0.0025
4/03/06,-0.0028
4/04/06,0.0026
4/05/06,0.0032
4/06/06,-0.0011
4/07/06,-0.0085
4/10/06,-0.0018
4/11/06,-0.0081
4/12/06,0.0017
4/13/06,-0.0001
4/17/06,-0.0053
4/18/06,0.0131
4/19/06,0.0008
4/20/06,0.0037
4/21/06,-0.0045
4/24/06,-0.0011
4/25/06,-0.0016
4/26/06,0.0052
4/27/06,0.0001
4/28/06,-0.0002
5/01/06,-0.0001
5/02/06,0.004
5/03/06,0.0014
5/04/06,0.0028
5/05/06,0.0117
5/08/06,0.0032
5/09/06,0.0014
5/10/06,-0.0029
5/11/06,-0.0126
5/12/06,-0.0117
5/15/06,0.0065
5/16/06,-0.0032
5/17/06,-0.0116
5/18/06,-0.0013
5/19/06,0.005
5/22/06,-0.0037
5/23/06,-0.0038
5/24/06,0.0023
5/25/06,0.0104
5/26/06,0.0034
5/30/06,-0.0164
5/31/06,0.0095
6/01/06,0.0106
6/02/06,-0.0025
6/05/06,-0.0159
6/06/06,-0.0016
6/07/06,-0.0019
6/08/06,0.0007
6/09/06,-0.0018
6/12/06,-0.0121
6/13/06,-0.0062
6/14/06,0.0059
6/15/06,0.0178
6/16/06,-0.0033
6/19/06,-0.0065
6/20/06,0.001
6/21/06,0.0091
6/22/06,-0.0041
6/23/06,-0.0028
6/26/06,0.0057
6/27/06,-0.0092
6/28/06,0.0019
6/29/06,0.02
6/30/06,0
7/03/06,0.002
7/05/06,-0.0088
7/06/06,0.0064
7/07/06,-0.007
7/10/06,0.0034
7/11/06,0.0035
7/12/06,-0.0146
7/13/06,-0.0126
7/14/06,-0.0091
7/17/06,0.002
7/18/06,-0.0016
7/19/06,0.0178
7/20/06,-0.0076
7/21/06,-0.0065
7/24/06,0.0156
7/25/06,0.0089
7/26/06,-0.0092
7/27/06,-0.0075
7/28/06,0.0122
7/31/06,-0.0005
8/01/06,-0.0079
8/02/06,0.0055
8/03/06,0.0063
8/04/06,0.0011
8/07/06,-0.0035
8/08/06,-0.0038
8/09/06,-0.0096
8/10/06,0.0124
8/11/06,-0.0022
8/14/06,0.0043
8/15/06,0.0117
8/16/06,0.0074
8/17/06,0.0018
8/18/06,0.0021
8/21/06,-0.0073
8/22/06,-0.0007
8/23/06,-0.0054
8/24/06,-0.0033
8/25/06,-0.0015
8/28/06,0.0086
8/29/06,0.0061
8/30/06,0.0022
8/31/06,0.0003
9/01/06,0.008
9/05/06,0.0018
9/06/06,-0.0071
9/07/06,-0.0034
9/08/06,0.0094
9/11/06,0.0062
9/12/06,0.0148
9/13/06,0.0029
9/14/06,0.0006
9/15/06,0.0008
9/18/06,-0.0027
9/19/06,0.0016
9/20/06,0.0073
9/21/06,-0.0108
9/22/06,-0.0016
9/25/06,0.0032
9/26/06,0.0045
9/27/06,0.0016
9/28/06,0.0017
9/29/06,-0.0069
10/02/06,-0.004
10/03/06,0.006
10/04/06,0.0135
10/05/06,0.0014
10/06/06,-0.007
10/09/06,0.0035
10/10/06,0.0002
10/11/06,-0.0002
10/12/06,0.0099
10/13/06,-0.0004
10/16/06,0.0018
10/17/06,-0.0062
10/18/06,0.0029
10/19/06,0.0008
10/20/06,0.0016
10/23/06,0.0131
10/24/06,0.0008
10/25/06,-0.0005
10/26/06,0.0087
10/27/06,-0.009
10/30/06,0.0013
10/31/06,-0.0031
11/01/06,-0.0103
11/02/06,-0.0034
11/03/06,-0.0078
11/06/06,0.0101
11/07/06,0.0015
11/08/06,0.0042
11/09/06,-0.0081
11/10/06,0.0054
11/13/06,-0.0004
11/14/06,0.0125
11/15/06,0.0045
11/16/06,0.0043
11/17/06,-0.003
11/20/06,-0.0023
11/21/06,-0.0007
11/22/06,0.0035
11/24/06,-0.0043
11/27/06,-0.015
11/28/06,0.0014
11/29/06,0.0093
11/30/06,-0.0015
12/01/06,-0.0028
12/04/06,0.0133
12/05/06,0.0058
12/06/06,0.0002
12/07/06,-0.0037
12/08/06,0.0007
12/11/06,-0.0003
12/12/06,-0.0036
12/13/06,0.0017
12/14/06,0.009
12/15/06,-0.0025
12/18/06,-0.0026
12/19/06,-0.0002
12/20/06,-0.0003
12/21/06,-0.0021
12/22/06,-0.001
12/26/06,0.0026
12/27/06,0.0065
12/28/06,-0.0015
12/29/06,-0.0044
1/03/07,0.0048
1/04/07,0.0022
1/05/07,-0.0076
1/08/07,0.0015
1/09/07,0.0041
1/10/07,0.0044
1/11/07,0.0109
1/12/07,0.0018
1/16/07,0.003
1/17/07,-0.0007
1/18/07,-0.0006
1/19/07,0.0015
1/22/07,-0.0055
1/23/07,0.0024
1/24/07,0.0063
1/25/07,-0.0096
1/26/07,-0.0018
1/29/07,0.0017
1/30/07,0.001
1/31/07,0.0071
2/01/07,0.0074
2/02/07,0.0003
2/05/07,-0.0017
2/06/07,0.0024
2/07/07,0.0013
2/08/07,-0.0023
2/09/07,-0.0039
2/12/07,-0.0009
2/13/07,0.0068
2/14/07,0.0041
2/15/07,0.0052
2/16/07,0.0011
2/20/07,0.008
2/21/07,-0.0013
2/22/07,-0.0034
2/23/07,-0.0018
2/26/07,-0.0026
2/27/07,-0.0326
2/28/07,0.0046
3/01/07,-0.0038
3/02/07,-0.0113
3/05/07,-0.0102
3/06/07,0.0148
3/07/07,0.0003
3/08/07,0.0093
3/09/07,0.0018
3/12/07,0.0024
3/13/07,-0.02
3/14/07,0.0018
3/15/07,0.0065
3/16/07,-0.0023
3/19/07,0.01
3/20/07,0.0078
3/21/07,0.0121
3/22/07,0.0002
3/23/07,0.0027
3/26/07,-0.001
3/27/07,-0.007
3/28/07,-0.0053
3/29/07,0.0023
3/30/07,0.0028
4/02/07,0.0055
4/03/07,0.0106
4/04/07,0.0013
4/05/07,0.0035
4/09/07,0.0008
4/10/07,0.0008
4/11/07,-0.007
4/12/07,0.0051
4/13/07,0.0005
4/16/07,0.0092
4/17/07,0.0042
4/18/07,-0.0017
4/19/07,-0.0009
4/20/07,0.0104
4/23/07,-0.0025
4/24/07,0.0004
4/25/07,0.0067
4/26/07,-0.0004
4/27/07,-0.0043
4/30/07,-0.0115
5/01/07,0.0021
5/02/07,0.007
5/03/07,-0.0002
5/04/07,0.0009
5/07/07,0.0008
5/08/07,-0.0034
5/09/07,0.0053
5/10/07,-0.0114
5/11/07,0.0036
5/14/07,-0.0012
5/15/07,-0.0019
5/16/07,0.007
5/17/07,-0.001
5/18/07,0.009
5/21/07,0.0002
5/22/07,0.0003
5/23/07,-0.0013
5/24/07,-0.0055
5/25/07,0.0042
5/29/07,0.0031
5/30/07,0.0058
5/31/07,0.0035
6/01/07,0.0094
6/04/07,0.0033
6/05/07,-0.0083
6/06/07,-0.0067
6/07/07,-0.0156
6/08/07,0.0099
6/11/07,-0.0016
6/12/07,-0.0099
6/13/07,0.012
6/14/07,0.0023
6/15/07,0.0043
6/18/07,-0.001
6/19/07,-0.0029
6/20/07,-0.0066
6/21/07,0.0041
6/22/07,-0.0093
6/25/07,-0.0026
6/26/07,-0.0016
6/27/07,0.0099
6/28/07,0.0001
6/29/07,-0.0016
7/02/07,0.0081
7/03/07,-0.0003
7/05/07,0.0003
7/06/07,0.0067
7/09/07,-0.0004
7/10/07,-0.0164
7/11/07,0.0032
7/12/07,0.0166
7/13/07,0.0035
7/16/07,-0.0042
7/17/07,-0.0043
7/18/07,-0.0026
7/19/07,0.0034
7/20/07,-0.0123
7/23/07,0.002
7/24/07,-0.0166
7/25/07,0
7/26/07,-0.0235
7/27/07,-0.0143
7/30/07,0.0092
7/31/07,-0.0078
8/01/07,0.0068
8/02/07,0.0071
8/03/07,-0.0233
8/06/07,0.0224
8/07/07,0.0058
8/08/07,0.0123
8/09/07,-0.0266
8/10/07,0.0004
8/13/07,0.0004
8/14/07,-0.0227
8/15/07,-0.0126
8/16/07,0.0025
8/17/07,0.0162
8/20/07,0.0023
8/21/07,0.0038
8/22/07,0.0119
8/23/07,-0.0059
8/24/07,0.0127
8/27/07,-0.0055
8/28/07,-0.0201
8/29/07,0.0217
8/30/07,-0.0055
8/31/07,0.0118
9/04/07,0.0023
9/05/07,-0.0128
9/06/07,0.0027
9/07/07,-0.0168
9/10/07,-0.004
9/11/07,0.0155
9/12/07,-0.0008
9/13/07,0.0092
9/14/07,0.0032
9/17/07,-0.0063
9/18/07,0.0284
9/19/07,0.005
9/20/07,-0.0101
9/21/07,-0.0006
9/24/07,-0.0048
9/25/07,-0.0079
9/26/07,0.0092
9/27/07,0.0033
9/28/07,-0.0009
10/01/07,0.0065
10/02/07,0.0054
10/03/07,0.0005
10/04/07,-0.0026
10/05/07,0.0134
10/08/07,-0.0031
10/09/07,0.0017
10/10/07,0.0005
10/11/07,-0.0057
10/12/07,0.0043
10/15/07,-0.0108
10/16/07,-0.0047
10/17/07,0.0004
10/18/07,-0.0015
10/19/07,-0.0206
10/22/07,0.008
10/23/07,0.0027
10/24/07,-0.0014
10/25/07,0.0029
10/26/07,0.0099
10/29/07,0.0047
10/30/07,-0.0025
10/31/07,0.008
11/01/07,-0.0259
11/02/07,0.0002
11/05/07,-0.0082
11/06/07,0.0085
11/07/07,-0.0192
11/08/07,0.0064
11/09/07,-0.0164
11/12/07,-0.002
11/13/07,0.0269
11/14/07,-0.0074
11/15/07,-0.0073
11/16/07,0.0026
11/19/07,-0.0165
11/20/07,0.003
11/21/07,-0.0112
11/23/07,0.0153
11/26/07,-0.0163
11/27/07,0.0137
11/28/07,0.0263
11/29/07,-0.0023
11/30/07,0.0085
12/03/07,-0.0043
12/04/07,0.0005
12/05/07,0.0087
12/06/07,0.0105
12/07/07,0.002
12/10/07,0.0056
12/11/07,-0.0233
12/12/07,0.002
12/13/07,-0.0016
12/14/07,-0.0146
12/17/07,-0.0107
12/18/07,0.0075
12/19/07,-0.0023
12/20/07,0.0028
12/21/07,0.0139
12/24/07,0.0086
12/26/07,-0.004
12/27/07,-0.0136
12/28/07,0.0006
12/31/07,-0.0067
1/02/08,-0.0159
1/03/08,-0.0073
1/04/08,-0.02
1/07/08,0.0137
1/08/08,-0.0122
1/09/08,0.0086
1/10/08,0.0109
1/11/08,-0.0234
1/14/08,0.0034
1/15/08,-0.0192
1/16/08,0.0039
1/17/08,-0.0168
1/18/08,-0.0025
1/22/08,0.006
1/23/08,0.0245
1/24/08,-0.0007
1/25/08,-0.0166
1/28/08,0.0175
1/29/08,0.0044
1/30/08,-0.007
1/31/08,0.0226
2/01/08,0.0133
2/04/08,-0.015
2/05/08,-0.026
2/06/08,-0.0092
2/07/08,0.0196
2/08/08,-0.0058
2/11/08,0.0128
2/12/08,0.0051
2/13/08,0.0071
2/14/08,-0.0165
2/15/08,0.0006
2/19/08,-0.0011
2/20/08,0.0082
2/21/08,-0.0106
2/22/08,0.0074
2/25/08,0.0127
2/26/08,0.0101
2/27/08,-0.0024
2/28/08,-0.0138
2/29/08,-0.0243
3/03/08,0.0042
3/04/08,-0.001
3/05/08,0.0036
3/06/08,-0.0208
3/07/08,-0.0077
3/10/08,-0.0117
3/11/08,0.0271
3/12/08,-0.0049
3/13/08,0.0032
3/14/08,-0.0166
3/17/08,-0.0101
3/18/08,0.034
3/19/08,-0.0115
3/20/08,0.0247
3/24/08,0.0203
3/25/08,0.003
3/26/08,-0.0092
3/27/08,-0.0088
3/28/08,-0.0087
3/31/08,0.005
4/01/08,0.0282
4/02/08,-0.0031
4/03/08,-0.0008
4/04/08,-0.0008
4/07/08,-0.002
4/08/08,-0.0035
4/09/08,-0.0137
4/10/08,0.0096
4/11/08,-0.0133
4/14/08,0.0002
4/15/08,0.0062
4/16/08,0.0139
4/17/08,-0.0003
4/18/08,0.012
4/21/08,-0.0005
4/22/08,-0.0128
4/23/08,0.0054
4/24/08,0.005
4/25/08,0.005
4/28/08,0.0009
4/29/08,-0.0016
4/30/08,-0.0073
5/01/08,0.0152
5/02/08,-0.0014
5/05/08,-0.0047
5/06/08,0.0015
5/07/08,-0.0112
5/08/08,0.0002
5/09/08,-0.0038
5/12/08,0.0169
5/13/08,0.0007
5/14/08,0.008
5/15/08,0.009
5/16/08,-0.003
5/19/08,-0.0036
5/20/08,-0.009
5/21/08,-0.0153
5/22/08,0.0083
5/23/08,-0.009
5/27/08,0.0093
5/28/08,0.0045
5/29/08,0.0111
5/30/08,-0.0023
6/02/08,-0.0099
6/03/08,0.0009
6/04/08,0.0039
6/05/08,0.0169
6/06/08,-0.0305
6/09/08,0.0004
6/10/08,0.0039
6/11/08,-0.0188
6/12/08,0.0069
6/13/08,0.0119
6/16/08,-0.0036
6/17/08,-0.0067
6/18/08,-0.0143
6/19/08,0.008
6/20/08,-0.0169
6/23/08,-0.0087
6/24/08,-0.0028
6/25/08,0.0121
6/26/08,-0.0262
6/27/08,-0.0083
6/30/08,-0.0063
7/01/08,0.0028
7/02/08,-0.0143
7/03/08,0.0025
7/07/08,0.0006
7/08/08,0.0216
7/09/08,-0.0149
7/10/08,-0.0085
7/11/08,-0.0084
7/14/08,-0.0022
7/15/08,-0.0005
7/16/08,0.0253
7/17/08,0.0075
7/18/08,-0.0066
7/21/08,-0.0059
7/22/08,0.0241
7/23/08,0.0065
7/24/08,-0.0188
7/25/08,-0.0007
7/28/08,-0.0144
7/29/08,0.0243
7/30/08,0.006
7/31/08,-0.0092
8/01/08,-0.0029
8/04/08,0.0026
8/05/08,0.0301
8/06/08,0.0025
8/07/08,-0.0214
8/08/08,0.0317
8/11/08,0.0148
8/12/08,-0.0028
8/13/08,-0.0078
8/14/08,0.0081
8/15/08,0.008
8/18/08,-0.0121
8/19/08,-0.014
8/20/08,0.0003
8/21/08,-0.0005
8/22/08,0.0132
8/25/08,-0.0181
8/26/08,0.001
8/27/08,0.0046
8/28/08,0.0118
8/29/08,-0.0112
9/02/08,0.012
9/03/08,0.0012
9/04/08,-0.0191
9/05/08,0.0082
9/08/08,0.0254
9/09/08,-0.0165
9/10/08,0.0051
9/11/08,0.0145
9/12/08,-0.0038
9/15/08,-0.0216
9/16/08,0.0087
9/17/08,-0.0423
9/18/08,0.0323
9/19/08,0.0091
9/22/08,-0.0334
9/23/08,-0.0127
9/24/08,-0.0046
9/25/08,0.0146
9/26/08,0.0048
9/29/08,-0.0524
9/30/08,0.0263
10/01/08,0.0006
10/02/08,-0.0333
10/03/08,-0.0143
10/06/08,-0.0366
10/07/08,-0.0432
10/08/08,-0.0147
10/09/08,-0.0649
10/10/08,-0.0083
10/13/08,0.089
10/14/08,-0.0334
10/15/08,-0.0727
10/16/08,0.0437
10/17/08,0.0008
10/20/08,0.0288
10/21/08,-0.0207
10/22/08,-0.0397
10/23/08,-0.0067
10/24/08,-0.0361
10/27/08,-0.0244
10/28/08,0.0988
10/29/08,-0.0035
10/30/08,0.0244
10/31/08,0.0185
11/03/08,-0.0068
11/04/08,0.0234
11/05/08,-0.0383
11/06/08,-0.0352
11/07/08,0.0194
11/10/08,-0.0097
11/11/08,-0.0197
11/12/08,-0.0435
11/13/08,0.0542
11/14/08,-0.0426
11/17/08,-0.0165
11/18/08,0.004
11/19/08,-0.0488
11/20/08,-0.0413
11/21/08,0.0499
11/24/08,0.0444
11/25/08,0.0106
11/26/08,0.0352
11/28/08,0.0071
12/01/08,-0.0691
12/02/08,0.0217
12/03/08,0.0293
12/04/08,-0.0061
12/05/08,0.0411
12/08/08,0.0163
12/09/08,-0.0239
12/10/08,0.0141
12/11/08,-0.0258
12/12/08,0.0043
12/15/08,-0.009
12/16/08,0.035
12/17/08,0.004
12/18/08,-0.0046
12/19/08,-0.0021
12/22/08,-0.0144
12/23/08,-0.0107
12/24/08,0.0074
12/26/08,0.0041
12/29/08,-0.0074
12/30/08,0.0191
12/31/08,0.0128
1/02/09,0.0264
1/05/09,0.0022
1/06/09,-0.0004
1/07/09,-0.0131
1/08/09,-0.0091
1/09/09,-0.0205
1/12/09,-0.0142
1/13/09,0.0048
1/14/09,-0.0265
1/15/09,0.0147
1/16/09,0.014
1/20/09,-0.0348
1/21/09,0.0123
1/22/09,-0.0033
1/23/09,-0.0052
1/26/09,0.0093
1/27/09,0.0039
1/28/09,0.0179
1/29/09,-0.0226
1/30/09,-0.0238
2/02/09,-0.002
2/03/09,0.0236
2/04/09,-0.02
2/05/09,0.0209
2/06/09,0.0234
2/09/09,-0.0073
2/10/09,-0.0365
2/11/09,0.0065
2/12/09,0.0096
2/13/09,-0.0137
2/17/09,-0.0225
2/18/09,0.0029
2/19/09,0.0063
2/20/09,-0.01
2/23/09,-0.0282
2/24/09,0.0281
2/25/09,-0.0125
2/26/09,-0.0223
2/27/09,0.0019
3/02/09,-0.0343
3/03/09,-0.0096
3/04/09,0.0213
3/05/09,-0.0275
3/06/09,-0.001
3/09/09,-0.0119
3/10/09,0.0432
3/11/09,-0.0012
3/12/09,0.0346
3/13/09,0.0127
3/16/09,-0.0032
3/17/09,0.0282
3/18/09,0.0118
3/19/09,-0.0072
3/20/09,-0.0084
3/23/09,0.0493
3/24/09,-0.0083
3/25/09,0.01
3/26/09,0.026
3/27/09,-0.0144
3/30/09,-0.0244
3/31/09,0.0029
4/01/09,0.0146
4/02/09,0.0288
4/03/09,0.0051
4/06/09,-0.007
4/07/09,-0.0207
4/08/09,0.0197
4/09/09,0.0195
4/13/09,-0.0006
4/14/09,-0.0159
4/15/09,0.0067
4/16/09,0.017
4/17/09,0.006
4/20/09,-0.0276
4/21/09,0.0131
4/22/09,0.001
4/23/09,-0.0011
4/24/09,0.0108
4/27/09,-0.0053
4/28/09,0.0043
4/29/09,0.0154
4/30/09,0.0051
5/01/09,-0.0041
5/04/09,0.0218
5/05/09,0.0004
5/06/09,-0.0015
5/07/09,-0.007
5/08/09,0.0092
5/11/09,-0.0091
5/12/09,0.0006
5/13/09,-0.0231
5/14/09,0.0058
5/15/09,-0.0059
5/18/09,0.0266
5/19/09,0.0006
5/20/09,-0.002
5/21/09,-0.0139
5/22/09,0.0017
5/26/09,0.0226
5/27/09,-0.0182
5/28/09,0.0038
5/29/09,0.0137
6/01/09,0.0317
6/02/09,0.0086
6/03/09,-0.0073
6/04/09,0.0013
6/05/09,-0.002
6/08/09,-0.0011
6/09/09,0.0016
6/10/09,-0.008
6/11/09,-0.0048
6/12/09,0.0032
6/15/09,-0.0205
6/16/09,-0.0158
6/17/09,0.0064
6/18/09,0.0089
6/19/09,0.0003
6/22/09,-0.0167
6/23/09,-0.0068
6/24/09,0.0035
6/25/09,0.0207
6/26/09,-0.0005
6/29/09,0.0065
6/30/09,-0.0049
7/01/09,0.011
7/02/09,-0.0249
7/06/09,0.0062
7/07/09,-0.014
7/08/09,0.0043
7/09/09,-0.0016
7/10/09,-0.0037
7/13/09,0.0169
7/14/09,0.0084
7/15/09,0.0218
7/16/09,0.005
7/17/09,0.0009
7/20/09,0.0104
7/21/09,0.0001
7/22/09,0.0043
7/23/09,0.0163
7/24/09,0.0028
7/27/09,-0.0004
7/28/09,-0.0003
7/29/09,0.0013
7/30/09,0.0089
7/31/09,0.0012
8/03/09,0.0092
8/04/09,0.0004
8/05/09,-0.0059
8/06/09,-0.0013
8/07/09,0.016
8/10/09,-0.0035
8/11/09,-0.0053
8/12/09,0.0043
8/13/09,0.0047
8/14/09,-0.0092
8/17/09,-0.0189
8/18/09,0.0101
8/19/09,0.0068
8/20/09,0.0065
8/21/09,0.0141
8/24/09,-0.0049
8/25/09,0.007
8/26/09,0.0035
8/27/09,0.001
8/28/09,-0.0038
8/31/09,-0.0061
9/01/09,-0.013
9/02/09,-0.0003
9/03/09,0.0112
9/04/09,0.0084
9/08/09,0.007
9/09/09,0.0052
9/10/09,0.0016
9/11/09,-0.0007
9/14/09,0.0037
9/15/09,-0.0008
9/16/09,0.0116
9/17/09,-0.0016
9/18/09,0.0066
9/21/09,-0.0012
9/22/09,0.0005
9/23/09,-0.0067
9/24/09,-0.0079
9/25/09,-0.0061
9/28/09,0.0113
9/29/09,0.0042
9/30/09,-0.0018
10/01/09,-0.0155
10/02/09,-0.0026
10/05/09,0.0102
10/06/09,0.0129
10/07/09,0.0023
10/08/09,0.0088
10/09/09,0.0041
10/12/09,0.002
10/13/09,0.0006
10/14/09,0.0114
10/15/09,0.0069
10/16/09,-0.0009
10/19/09,0.0086
10/20/09,-0.0075
10/21/09,-0.0114
10/22/09,0.0074
10/23/09,-0.0057
10/26/09,-0.0066
10/27/09,-0.008
10/28/09,-0.0156
10/29/09,0.0187
10/30/09,-0.0214
11/02/09,0.0094
11/03/09,0.0003
11/04/09,0
11/05/09,0.0121
11/06/09,0.0057
11/09/09,0.0177
11/10/09,0.0019
11/11/09,0.003
11/12/09,-0.0074
11/13/09,0.0082
11/16/09,0.0108
11/17/09,-0.0022
11/18/09,0
11/19/09,-0.0078
11/20/09,-0.0001
11/23/09,0.0088
11/24/09,-0.0006
11/25/09,0.0047
11/27/09,-0.0125
11/30/09,-0.0038
12/01/09,0.0143
12/02/09,0.0024
12/03/09,-0.0094
12/04/09,0.0069
12/07/09,0.0025
12/08/09,-0.0099
12/09/09,-0.0013
12/10/09,0.0078
12/11/09,0.0064
12/14/09,0.0053
12/15/09,-0.0039
12/16/09,-0.0026
12/17/09,-0.0101
12/18/09,0.0013
12/21/09,0.0111
12/22/09,0.0055
12/23/09,0.0047
12/24/09,0.0031
12/28/09,0.0026
12/29/09,0.0005
12/30/09,-0.0014
12/31/09,-0.0112
1/04/10,0.0096
1/05/10,0.0021
1/06/10,0.0015
1/07/10,0.0045
1/08/10,-0.0015
1/11/10,0.003
1/12/10,-0.0035
1/13/10,0.0072
1/14/10,-0.0013
1/15/10,-0.0075
1/19/10,0.0079
1/20/10,-0.0096
1/21/10,-0.0145
1/22/10,-0.0119
1/25/10,0.0018
1/26/10,0.0013
1/27/10,0.0028
1/28/10,-0.0068
1/29/10,-0.0046
2/01/10,0.0102
2/02/10,0.0122
2/03/10,-0.004
2/04/10,-0.0262
2/05/10,0.0006
2/08/10,-0.0041
2/09/10,0.0143
2/10/10,-0.0023
2/11/10,0.0111
2/12/10,0.0001
2/16/10,0.0128
2/17/10,0.0087
2/18/10,0.0046
2/19/10,0.0021
2/22/10,-0.0017
2/23/10,-0.0068
2/24/10,0.0089
2/25/10,0.001
2/26/10,-0.0025
3/01/10,0.0123
3/02/10,0.002
3/03/10,0.0023
3/04/10,0.0066
3/05/10,0.01
3/08/10,0.0003
3/09/10,-0.0013
3/10/10,0.002
3/11/10,0.004
3/12/10,0.0028
3/15/10,0.0058
3/16/10,0.0058
3/17/10,0.0053
3/18/10,-0.0003
3/19/10,-0.0043
3/22/10,0.01
3/23/10,0.0066
3/24/10,-0.0087
3/25/10,0.0008
3/26/10,0.0023
3/29/10,0.0033
3/30/10,0.0015
3/31/10,-0.0072
4/01/10,0.006
4/05/10,0.0071
4/06/10,0.0005
4/07/10,-0.0032
4/08/10,0.0041
4/09/10,0.006
4/12/10,0.001
4/13/10,0.002
4/14/10,0.007
4/15/10,0.0005
4/16/10,-0.0079
4/19/10,0.0021
4/20/10,0.0052
4/21/10,0.0034
4/22/10,0.0076
4/23/10,0.0037
4/26/10,-0.002
4/27/10,-0.0228
4/28/10,-0.0007
4/29/10,0.0124
4/30/10,-0.0161
5/03/10,0.0128
5/04/10,-0.018
5/05/10,-0.0027
5/06/10,-0.0295
5/07/10,-0.0144
5/10/10,0.0391
5/11/10,0.0016
5/12/10,0.0131
5/13/10,-0.0127
5/14/10,-0.0143
5/17/10,0.0054
5/18/10,-0.0109
5/19/10,-0.0052
5/20/10,-0.0357
5/21/10,0.0108
5/24/10,-0.0068
5/25/10,-0.003
5/26/10,-0.0071
5/27/10,0.0289
5/28/10,-0.0077
6/01/10,-0.0114
6/02/10,0.0207
6/03/10,0.0042
6/04/10,-0.0347
6/07/10,-0.013
6/08/10,0.0084
6/09/10,0.0008
6/10/10,0.0246
6/11/10,0.0003
6/14/10,0.0043
6/15/10,0.0145
6/16/10,-0.0059
6/17/10,-0.0001
6/18/10,-0.0014
6/21/10,-0.0077
6/22/10,-0.0162
6/23/10,0.0011
6/24/10,-0.0163
6/25/10,-0.0046
6/28/10,0.0022
6/29/10,-0.0269
6/30/10,-0.0086
7/01/10,0.0045
7/02/10,-0.0066
7/06/10,-0.0019
7/07/10,0.0227
7/08/10,0.0105
7/09/10,0.0068
7/12/10,0.0001
7/13/10,0.0169
7/14/10,0
7/15/10,0.0026
7/16/10,-0.0243
7/19/10,0.0013
7/20/10,0.0187
7/21/10,-0.0112
7/22/10,0.0174
7/23/10,0.0116
7/26/10,0.01
7/27/10,-0.0057
7/28/10,-0.0081
7/29/10,-0.0051
7/30/10,0.0038
8/02/10,0.015
8/03/10,-0.009
8/04/10,0.0092
8/05/10,-0.003
8/06/10,0.0002
8/09/10,0.007
8/10/10,-0.0061
8/11/10,-0.0239
8/12/10,-0.0013
8/13/10,-0.0054
8/16/10,0.0011
8/17/10,0.0132
8/18/10,0.0048
8/19/10,-0.0154
8/20/10,0.0002
8/23/10,-0.0027
8/24/10,-0.0097
8/25/10,0.0068
8/26/10,-0.0085
8/27/10,0.0113
8/30/10,-0.0146
8/31/10,-0.0017
9/01/10,0.028
9/02/10,0.0135
9/03/10,0.0106
9/07/10,-0.0094
9/08/10,0.0046
9/09/10,0.0016
9/10/10,0.0065
9/13/10,0.0079
9/14/10,0.003
9/15/10,0.0055
9/16/10,0.0006
9/17/10,-0.0004
9/20/10,0.014
9/21/10,-0.0029
9/22/10,-0.0013
9/23/10,-0.0053
9/24/10,0.0207
9/27/10,-0.0051
9/28/10,0.0089
9/29/10,-0.0035
9/30/10,-0.0028
10/01/10,0.0018
10/04/10,-0.0041
10/05/10,0.0164
10/06/10,0.0001
10/07/10,-0.0012
10/08/10,0.0048
10/11/10,0.0011
10/12/10,0.0026
10/13/10,0.0053
10/14/10,-0.0007
10/15/10,0.0054
10/18/10,0.0008
10/19/10,-0.015
10/20/10,0.0084
10/21/10,0.0048
10/22/10,0.0047
10/25/10,0.0038
10/26/10,0.002
10/27/10,-0.0076
10/28/10,0.0017
10/29/10,0.0007
11/01/10,-0.0006
11/02/10,0.0104
11/03/10,0.0037
11/04/10,0.0172
11/05/10,0.0017
11/08/10,-0.0009
11/09/10,-0.0075
11/10/10,0.0035
11/11/10,0.0005
11/12/10,-0.0105
11/15/10,-0.0011
11/16/10,-0.0112
11/17/10,0.0047
11/18/10,0.0116
11/19/10,0.0058
11/22/10,0.0039
11/23/10,-0.0094
11/24/10,0.0161
11/26/10,-0.0044
11/29/10,-0.0032
11/30/10,-0.002
12/01/10,0.0178
12/02/10,0.0077
12/03/10,0.0019
12/06/10,-0.0013
12/07/10,0.0035
12/08/10,0.0001
12/09/10,0.0018
12/10/10,0.0024
12/13/10,-0.0043
12/14/10,0.0013
12/15/10,-0.0007
12/16/10,0.01
12/17/10,0.0015
12/20/10,0.0007
12/21/10,0.0013
12/22/10,0.0005
12/23/10,-0.0008
12/27/10,-0.0022
12/28/10,-0.0013
12/29/10,0.0036
12/30/10,-0.0001
12/31/10,-0.0028
1/03/11,0.007
1/04/11,-0.0092
1/05/11,0.0033
1/06/11,-0.0051
1/07/11,-0.0034
1/10/11,0.0022
1/11/11,0.0007
1/12/11,0.0064
1/13/11,0.0001
1/14/11,0.0029
1/18/11,0.0018
1/19/11,-0.0097
1/20/11,0.0017
1/21/11,-0.0014
1/24/11,0.0041
1/25/11,0.0025
1/26/11,0.0025
1/27/11,0.0032
1/28/11,-0.0236
1/31/11,0.0014
2/01/11,0.01
2/02/11,-0.0073
2/03/11,0.0079
2/04/11,0.0062
2/07/11,0.0026
2/08/11,0.009
2/09/11,0.0019
2/10/11,-0.0015
2/11/11,0.0076
2/14/11,-0.0027
2/15/11,-0.0014
2/16/11,0.0056
2/17/11,0.0054
2/18/11,0.0017
2/22/11,-0.0171
2/23/11,-0.0114
2/24/11,0.0001
2/25/11,0.009
2/28/11,0.0032
3/01/11,-0.0109
3/02/11,0.0017
3/03/11,0.0144
3/04/11,-0.0046
3/07/11,-0.0078
3/08/11,0.009
3/09/11,0.0051
3/10/11,-0.0077
3/11/11,0.0034
3/14/11,-0.0091
3/15/11,-0.0076
3/16/11,-0.0138
3/17/11,0.0026
3/18/11,0.0054
3/21/11,0.0133
3/22/11,-0.0036
3/23/11,0.0045
3/24/11,0.0113
3/25/11,0.0025
3/28/11,-0.0034
3/29/11,0.0077
3/30/11,0.0084
3/31/11,-0.0011
4/01/11,0.007
4/04/11,0.0019
4/05/11,0.0055
4/06/11,0.0008
4/07/11,-0.0009
4/08/11,-0.0062
4/11/11,0.0015
4/12/11,-0.0008
4/13/11,0.0021
4/14/11,0.0025
4/15/11,0.0047
4/18/11,-0.0087
4/19/11,0.0036
4/20/11,0.0136
4/21/11,0.0024
4/25/11,-0.0027
4/26/11,0.0051
4/27/11,0.0093
4/28/11,0.0026
4/29/11,-0.0004
5/02/11,0
5/03/11,-0.0023
5/04/11,-0.0023
5/05/11,-0.0041
5/06/11,0.0029
5/09/11,0.0048
5/10/11,0.009
5/11/11,-0.0033
5/12/11,0.0106
5/13/11,-0.0043
5/16/11,-0.0067
5/17/11,-0.0014
5/18/11,0.0067
5/19/11,0.0041
5/20/11,-0.0086
5/23/11,-0.0072
5/24/11,-0.0027
5/25/11,-0.0009
5/26/11,0.0053
5/27/11,0.002
5/31/11,0.0078
6/01/11,-0.0179
6/02/11,-0.0088
6/03/11,-0.0109
6/06/11,-0.0081
6/07/11,0.0006
6/08/11,-0.0045
6/09/11,0.0072
6/10/11,-0.0149
6/13/11,0.0031
6/14/11,0.0166
6/15/11,-0.0149
6/16/11,0.0041
6/17/11,0.0053
6/20/11,0.0089
6/21/11,0.0112
6/22/11,-0.0075
6/23/11,0.0001
6/24/11,-0.0088
6/27/11,0.0068
6/28/11,0.0112
6/29/11,0.0043
6/30/11,0.0081
7/01/11,0.013
7/05/11,0.0013
7/06/11,0.0039
7/07/11,0.0115
7/08/11,-0.0061
7/11/11,-0.0139
7/12/11,-0.0033
7/13/11,0.0031
7/14/11,-0.0074
7/15/11,0.0011
7/18/11,-0.0085
7/19/11,0.0182
7/20/11,-0.0036
7/21/11,0.0089
7/22/11,0.0013
7/25/11,-0.0082
7/26/11,-0.0051
7/27/11,-0.016
7/28/11,0.0004
7/29/11,-0.0037
8/01/11,-0.0046
8/02/11,-0.0253
8/03/11,0.0077
8/04/11,-0.0424
8/05/11,0.0057
8/08/11,-0.0577
8/09/11,0.0413
8/10/11,-0.0385
8/11/11,0.0388
8/12/11,0.0098
8/15/11,0.0146
8/16/11,-0.0022
8/17/11,-0.0004
8/18/11,-0.0346
8/19/11,-0.0096
8/22/11,0.0028
8/23/11,0.0335
8/24/11,0.0094
8/25/11,-0.0188
8/26/11,0.0167
8/29/11,0.0261
8/30/11,0.0024
8/31/11,0.0039
9/01/11,-0.0093
9/02/11,-0.0209
9/06/11,-0.0035
9/07/11,0.0245
9/08/11,-0.0084
9/09/11,-0.0249
9/12/11,0.0074
9/13/11,0.0087
9/14/11,0.0154
9/15/11,0.0148
9/16/11,0.0049
9/19/11,-0.0035
9/20/11,-0.0064
9/21/11,-0.0236
9/22/11,-0.0237
9/23/11,0.0072
9/26/11,0.0207
9/27/11,0.0068
9/28/11,-0.0181
9/29/11,0.0017
9/30/11,-0.0198
10/03/11,-0.0248
10/04/11,0.0228
10/05/11,0.01
10/06/11,0.0175
10/07/11,0.0013
10/10/11,0.0255
10/11/11,0.0014
10/12/11,0.0078
10/13/11,-0.0015
10/14/11,0.0133
10/17/11,-0.0153
10/18/11,0.014
10/19/11,-0.0108
10/20/11,0.005
10/21/11,0.0204
10/24/11,0.0093
10/25/11,-0.0163
10/26/11,0.0032
10/27/11,0.0268
10/28/11,-0.0022
10/31/11,-0.0152
11/01/11,-0.02
11/02/11,0.0123
11/03/11,0.0127
11/04/11,-0.0029
11/07/11,0.0046
11/08/11,0.0107
11/09/11,-0.0307
11/10/11,0.006
11/11/11,0.0184
11/14/11,-0.0056
11/15/11,0.0031
11/16/11,-0.0148
11/17/11,-0.0115
11/18/11,0.0003
11/21/11,-0.0149
11/22/11,-0.0012
11/23/11,-0.0155
11/25/11,-0.0029
11/28/11,0.0242
11/29/11,0.0066
11/30/11,0.0279
12/01/11,-0.0008
12/02/11,0.0005
12/05/11,0.0086
12/06/11,-0.0002
12/07/11,0.0019
12/08/11,-0.0149
12/09/11,0.0143
12/12/11,-0.0086
12/13/11,-0.0147
12/14/11,-0.0093
12/15/11,0.0077
12/16/11,0.0023
12/19/11,-0.0092
12/20/11,0.0252
12/21/11,0.0068
12/22/11,0.0002
12/23/11,0.0085
12/27/11,0.0001
12/28/11,-0.0094
12/29/11,0.0084
12/30/11,-0.0056
1/03/12,0.0043
1/04/12,0.0016
1/05/12,0.0037
1/06/12,-0.0016
1/09/12,0.0011
1/10/12,0.0068
1/11/12,-0.0004
1/12/12,0.0013
1/13/12,-0.0019
1/17/12,0.0045
1/18/12,0.0096
1/19/12,0.0051
1/20/12,-0.0012
1/23/12,-0.0005
1/24/12,0.0017
1/25/12,0.0086
1/26/12,-0.0041
1/27/12,-0.0029
1/30/12,-0.0017
1/31/12,-0.001
2/01/12,0.0064
2/02/12,0.0026
2/03/12,0.0134
2/06/12,-0.0025
2/07/12,0.0023
2/08/12,0.0002
2/09/12,0.0026
2/10/12,-0.0045
2/13/12,0.006
2/14/12,0.0024
2/15/12,-0.0059
2/16/12,0.0094
2/17/12,0.0039
2/21/12,-0.0048
2/22/12,-0.0037
2/23/12,0.0033
2/24/12,0.0009
2/27/12,0.0021
2/28/12,0.0044
2/29/12,-0.002
3/01/12,0.0048
3/02/12,-0.0018
3/05/12,0.0019
3/06/12,-0.013
3/07/12,0.0076
3/08/12,0.009
3/09/12,0.0053
3/12/12,0.001
3/13/12,0.011
3/14/12,-0.0013
3/15/12,0.0035
3/16/12,-0.0033
3/19/12,0.0015
3/20/12,0.001
3/21/12,0.0018
3/22/12,-0.0014
3/23/12,0.0017
3/26/12,0.0137
3/27/12,-0.0015
3/28/12,-0.0049
3/29/12,-0.0003
3/30/12,0.0036
4/02/12,0.0065
4/03/12,-0.0029
4/04/12,-0.0079
4/05/12,0.0012
4/09/12,-0.0104
4/10/12,-0.0179
4/11/12,0.01
4/12/12,0.0082
4/13/12,-0.0033
4/16/12,0.0005
4/17/12,0.0123
4/18/12,0
4/19/12,-0.0067
4/20/12,0.0048
4/23/12,-0.0141
4/24/12,-0.0044
4/25/12,0.0117
4/26/12,0.0105
4/27/12,0.0102
4/30/12,-0.0051
5/01/12,0.0027
5/02/12,0.0045
5/03/12,-0.0083
5/04/12,-0.0131
5/07/12,-0.0005
5/08/12,-0.0057
5/09/12,-0.0058
5/10/12,0.0058
5/11/12,-0.0015
5/14/12,-0.0102
5/15/12,-0.001
5/16/12,-0.0001
5/17/12,-0.017
5/18/12,-0.0049
5/21/12,0.0113
5/22/12,0.0026
5/23/12,0.0053
5/24/12,0.0072
5/25/12,0.0002
5/29/12,0.0098
5/30/12,-0.0114
5/31/12,-0.0027
6/01/12,-0.0241
6/04/12,0.0027
6/05/12,0.0007
6/06/12,0.0177
6/07/12,-0.0022
6/08/12,0.0106
6/11/12,-0.0124
6/12/12,0.0087
6/13/12,-0.0094
6/14/12,0.0121
6/15/12,0.007
6/18/12,0.0052
6/19/12,0.0058
6/20/12,-0.0017
6/21/12,-0.0199
6/22/12,0.0042
6/25/12,-0.0094
6/26/12,0.0048
6/27/12,0.0004
6/28/12,-0.0009
6/29/12,0.0219
7/02/12,0.004
7/03/12,0.0049
7/05/12,0.0021
7/06/12,-0.0039
7/09/12,-0.0021
7/10/12,-0.0025
7/11/12,-0.0041
7/12/12,-0.0027
7/13/12,0.0123
7/16/12,-0.0056
7/17/12,0.0041
7/18/12,0.0046
7/19/12,0.0022
7/20/12,-0.0095
7/23/12,-0.0098
7/24/12,-0.007
7/25/12,-0.001
7/26/12,0.0166
7/27/12,0.0162
7/30/12,0.0016
7/31/12,-0.0076
8/01/12,-0.0083
8/02/12,-0.0042
8/03/12,0.0167
8/06/12,0.001
8/07/12,0.0037
8/08/12,0.0025
8/09/12,-0.0027
8/10/12,-0.0009
8/13/12,-0.0001
8/14/12,0.0026
8/15/12,0.0038
8/16/12,0.005
8/17/12,0.0041
8/20/12,-0.0033
8/21/12,-0.0036
8/22/12,-0.0003
8/23/12,-0.0077
8/24/12,0.0078
8/27/12,-0.0001
8/28/12,0.0023
8/29/12,0.0021
8/30/12,-0.0052
8/31/12,0.0027
9/04/12,0.003
9/05/12,-0.0016
9/06/12,0.0176
9/07/12,-0.0004
9/10/12,-0.0016
9/11/12,-0.001
9/12/12,-0.0013
9/13/12,0.0143
9/14/12,-0.0004
9/17/12,-0.0029
9/18/12,-0.0003
9/19/12,0.0056
9/20/12,0.0008
9/21/12,-0.0027
9/24/12,-0.0022
9/25/12,-0.0102
9/26/12,-0.0021
9/27/12,0.0065
9/28/12,-0.0043
10/01/12,0.0043
10/02/12,-0.0001
10/03/12,0.004
10/04/12,0.0073
10/05/12,0.0024
10/08/12,-0.0017
10/09/12,-0.0115
10/10/12,-0.0045
10/11/12,-0.0018
10/12/12,-0.0001
10/15/12,0.0075
10/16/12,0.0061
10/17/12,0.0026
10/18/12,-0.0029
10/19/12,-0.0153
10/22/12,-0.0023
10/23/12,-0.0089
10/24/12,-0.0035
10/25/12,0.0023
10/26/12,0.0003
10/31/12,0.0082
11/01/12,0.0075
11/02/12,-0.0065
11/05/12,0.0031
11/06/12,0.0087
11/07/12,-0.015
11/08/12,-0.0144
11/09/12,-0.0001
11/12/12,-0.0006
11/13/12,0.0002
11/14/12,-0.0134
11/15/12,-0.0031
11/16/12,0.0054
11/19/12,0.0202
11/20/12,0.003
11/21/12,0.0036
11/23/12,0.0134
11/26/12,-0.0049
11/27/12,-0.0016
11/28/12,0.0122
11/29/12,0.0036
11/30/12,0.0017
12/03/12,-0.0051
12/04/12,-0.0029
12/05/12,-0.0011
12/06/12,0.0026
12/07/12,0.0045
12/10/12,-0.0022
12/11/12,0.0011
12/12/12,-0.0037
12/13/12,-0.0024
12/14/12,-0.0025
12/17/12,0.0093
12/18/12,0.006
12/19/12,-0.0067
12/20/12,0.0037
12/21/12,-0.0079
12/24/12,-0.0004
12/26/12,-0.0098
12/27/12,0.0017
12/28/12,-0.0081
12/31/12,0.0157
1/02/13,0.0217
1/03/13,0.001
1/04/13,0.0037
1/07/13,-0.004
1/08/13,-0.0029
1/09/13,0.0021
1/10/13,0.0046
1/11/13,0.0029
1/14/13,0.0019
1/15/13,0.0064
1/16/13,-0.002
1/17/13,0.007
1/18/13,0.0034
1/22/13,0.0008
1/23/13,-0.002
1/24/13,0.0074
1/25/13,0.0045
1/28/13,-0.0024
1/29/13,-0.0009
1/30/13,-0.0019
1/31/13,-0.0003
2/01/13,0.0062
2/04/13,-0.0119
2/05/13,0.0113
2/06/13,0.0017
2/07/13,0.0012
2/08/13,0.0043
2/11/13,-0.0017
2/12/13,0
2/13/13,0.0014
2/14/13,-0.0009
2/15/13,-0.0002
2/19/13,0.0077
2/20/13,-0.0082
2/21/13,-0.0032
2/22/13,0.0061
2/25/13,-0.0153
2/26/13,0.0068
2/27/13,0.0114
2/28/13,0.0003
3/01/13,0.0036
3/04/13,0.0083
3/05/13,0.007
3/06/13,-0.001
3/07/13,0.0013
3/08/13,0.0062
3/11/13,0.0013
3/12/13,-0.0009
3/13/13,0.0046
3/14/13,0.0012
3/15/13,-0.0038
3/18/13,-0.0047
3/19/13,-0.0001
3/20/13,0.0104
3/21/13,-0.0053
3/22/13,0.0085
3/25/13,-0.0005
3/26/13,0.007
3/27/13,0.0003
3/28/13,0.0039
4/01/13,-0.0048
4/02/13,0.0065
4/03/13,-0.0108
4/04/13,0.0072
4/05/13,-0.0053
4/08/13,0.0101
4/09/13,-0.0003
4/10/13,0.0092
4/11/13,0.0076
4/12/13,0.0029
4/15/13,-0.0217
4/16/13,0.0154
4/17/13,-0.0093
4/18/13,-0.0072
4/19/13,0.012
4/22/13,0.0027
4/23/13,0.0089
4/24/13,-0.0008
4/25/13,0.0079
4/26/13,-0.0039
4/29/13,0.0033
4/30/13,0.0025
5/01/13,-0.0077
5/02/13,0.0067
5/03/13,0.0101
5/06/13,-0.0021
5/07/13,0.0076
5/08/13,0.0025
5/09/13,-0.0031
5/10/13,0.0067
5/13/13,-0.0005
5/14/13,0.0107
5/15/13,0.0086
5/16/13,-0.0075
5/17/13,0.007
5/20/13,-0.0048
5/21/13,0.0033
5/22/13,-0.0069
5/23/13,-0.0034
5/24/13,0.0005
5/28/13,0.0071
5/29/13,-0.0111
5/30/13,-0.0014
5/31/13,-0.0108
6/03/13,0.0074
6/04/13,-0.0023
6/05/13,-0.013
6/06/13,0.0078
6/07/13,0.0148
6/10/13,0.0005
6/11/13,-0.0078
6/12/13,-0.006
6/13/13,0.0123
6/14/13,-0.0036
6/17/13,0.0052
6/18/13,0.0083
6/19/13,-0.0144
6/20/13,-0.0264
6/21/13,0.0038
6/24/13,-0.0071
6/25/13,0.0061
6/26/13,0.0108
6/27/13,0.0071
6/28/13,-0.0026
7/01/13,0.0088
7/02/13,0.0014
7/03/13,-0.0003
7/05/13,0.0077
7/08/13,0.0091
7/09/13,0.007
7/10/13,0.0013
7/11/13,0.0135
7/12/13,0.0019
7/15/13,0.0002
7/16/13,-0.0051
7/17/13,0.0024
7/18/13,0.0032
7/19/13,0.0019
7/22/13,0.0002
7/23/13,-0.0023
7/24/13,-0.0047
7/25/13,0.0039
7/26/13,0.0026
7/29/13,-0.0028
7/30/13,-0.0002
7/31/13,0
8/01/13,0.0124
8/02/13,0.0026
8/05/13,-0.0003
8/06/13,-0.0069
8/07/13,-0.0088
8/08/13,0.0076
8/09/13,-0.0032
8/12/13,-0.0005
8/13/13,0.0006
8/14/13,-0.0082
8/15/13,-0.0179
8/16/13,-0.0054
8/19/13,-0.0032
8/20/13,0.0058
8/21/13,-0.0075
8/22/13,0.0072
8/23/13,0.0029
8/26/13,-0.0043
8/27/13,-0.013
8/28/13,0
8/29/13,0.0051
8/30/13,-0.0034
9/03/13,0.003
9/04/13,0.0091
9/05/13,0.0019
9/06/13,-0.0011
9/09/13,0.0105
9/10/13,0.0057
9/11/13,0.0042
9/12/13,-0.0024
9/13/13,0.0053
9/16/13,0.0053
9/17/13,0.0065
9/18/13,0.0129
9/19/13,-0.0016
9/20/13,-0.0062
9/23/13,-0.0054
9/24/13,-0.001
9/25/13,-0.0055
9/26/13,0.0056
9/27/13,-0.004
9/30/13,-0.0055
10/01/13,0.0079
10/02/13,-0.0023
10/03/13,-0.0071
10/04/13,0.0049
10/07/13,-0.0101
10/08/13,-0.009
10/09/13,-0.0024
10/10/13,0.0195
10/11/13,0.0051
10/14/13,0.003
10/15/13,-0.009
10/16/13,0.0136
10/17/13,0.0075
10/18/13,0.0057
10/21/13,-0.0017
10/22/13,0.0085
10/23/13,-0.0034
10/24/13,0.0041
10/25/13,0.0068
10/28/13,0.004
10/29/13,0.0069
10/30/13,-0.005
10/31/13,-0.0017
11/01/13,0.0012
11/04/13,0.0046
11/05/13,0.0012
11/06/13,0.0018
11/07/13,-0.0167
11/08/13,0.0095
11/11/13,0.0031
11/12/13,0
11/13/13,0.0122
11/14/13,0.0051
11/15/13,0.0031
11/18/13,-0.0052
11/19/13,-0.0043
11/20/13,-0.0059
11/21/13,0.0074
11/22/13,0.0038
11/25/13,0.0003
11/26/13,0.002
11/27/13,0.0038
11/29/13,-0.0003
12/02/13,-0.0042
12/03/13,-0.0015
12/04/13,-0.003
12/05/13,-0.0045
12/06/13,0.0096
12/09/13,0.0002
12/10/13,-0.0052
12/11/13,-0.0049
12/12/13,-0.0066
12/13/13,0.0001
12/16/13,0.0046
12/17/13,-0.0026
12/18/13,0.0137
12/19/13,-0.0047
12/20/13,0.006
12/23/13,0.0036
12/24/13,0.0022
12/26/13,0.0052
12/27/13,-0.0016
12/30/13,0.0027
12/31/13,0.0026
1/02/14,-0.0073
1/03/14,-0.0008
1/06/14,-0.0065
1/07/14,0.0048
1/08/14,-0.0008
1/09/14,0.0008
1/10/14,0.0027
1/13/14,-0.0144
1/14/14,0.0074
1/15/14,0.0005
1/16/14,-0.0025
1/17/14,-0.0061
1/21/14,0.0008
1/22/14,0.0001
1/23/14,-0.0078
1/24/14,-0.0165
1/27/14,-0.0037
1/28/14,0.0058
1/29/14,-0.0166
1/30/14,0.0104
1/31/14,-0.0107
2/03/14,-0.0263
2/04/14,0.0069
2/05/14,0.0003
2/06/14,0.0168
2/07/14,0.0113
2/10/14,0.0008
2/11/14,0.0098
2/12/14,-0.0028
2/13/14,0.0069
2/14/14,0.0026
2/18/14,-0.001
2/19/14,-0.0053
2/20/14,0.006
2/21/14,-0.0002
2/24/14,0.0042
2/25/14,0.0065
2/26/14,0.006
2/27/14,0.0033
2/28/14,0.003
3/03/14,-0.0042
3/04/14,0.0141
3/05/14,0.0003
3/06/14,0.0003
3/07/14,0.0023
3/10/14,-0.0008
3/11/14,-0.0028
3/12/14,0.0013
3/13/14,-0.0097
3/14/14,0.0012
3/17/14,0.0068
3/18/14,0.0049
3/19/14,-0.0068
3/20/14,0.004
3/21/14,-0.001
3/24/14,-0.0072
3/25/14,0.0004
3/26/14,-0.0066
3/27/14,-0.0027
3/28/14,0.0069
3/31/14,0.0066
4/01/14,0.0065
4/02/14,0.0046
4/03/14,-0.0025
4/04/14,-0.0116
4/07/14,-0.0104
4/08/14,0.0071
4/09/14,0.0076
4/10/14,-0.0175
4/11/14,-0.0095
4/14/14,0.0069
4/15/14,0.0031
4/16/14,0.0101
4/17/14,0.0004
4/21/14,0.0027
4/22/14,0.0044
4/23/14,-0.003
4/24/14,0.0029
4/25/14,-0.0082
4/28/14,0.0043
4/29/14,0.0001
4/30/14,0.0031
5/01/14,-0.0004
5/02/14,0.0015
5/05/14,-0.0012
5/06/14,-0.0112
5/07/14,0.0032
5/08/14,0.0003
5/09/14,0.0064
5/12/14,0.0103
5/13/14,0.0001
5/14/14,-0.0085
5/15/14,-0.0097
5/16/14,0.0086
5/19/14,0.0004
5/20/14,-0.0096
5/21/14,0.0076
5/22/14,0.0025
5/23/14,0.0041
5/27/14,0.0054
5/28/14,-0.0023
5/29/14,0.007
5/30/14,0.0043
6/02/14,-0.0005
6/03/14,-0.0007
6/04/14,0.0052
6/05/14,0.0057
6/06/14,0.0055
6/09/14,-0.0006
6/10/14,-0.0014
6/11/14,-0.0036
6/12/14,-0.0108
6/13/14,0.0008
6/16/14,0.0043
6/17/14,0.0038
6/18/14,0.0093
6/19/14,0.0014
6/20/14,-0.0011
6/23/14,-0.0008
6/24/14,-0.0044
6/25/14,0.0035
6/26/14,-0.0022
6/27/14,0.0017
6/30/14,0.0004
7/01/14,0.0056
7/02/14,0.0007
7/03/14,0.0072
7/07/14,-0.0043
7/08/14,-0.006
7/09/14,0.0049
7/10/14,-0.0061
7/11/14,0.0019
7/14/14,0.0035
7/15/14,-0.0062
7/16/14,-0.0016
7/17/14,-0.0086
7/18/14,0.0108
7/21/14,-0.0051
7/22/14,0.0025
7/23/14,-0.0005
7/24/14,0.0037
7/25/14,-0.0093
7/28/14,-0.0034
7/29/14,-0.0035
7/30/14,-0.0011
7/31/14,-0.0175
8/01/14,0
8/04/14,0.0076
8/05/14,-0.0055
8/06/14,0.0053
8/07/14,-0.0056
8/08/14,0.0125
8/11/14,0.0058
8/12/14,-0.0027
8/13/14,0.003
8/14/14,0.006
8/15/14,-0.0013
8/18/14,0.0086
8/19/14,0.0071
8/20/14,0.003
8/21/14,-0.0004
8/22/14,0
8/25/14,0.0057
8/26/14,0.0014
8/27/14,0.0008
8/28/14,-0.0005
8/29/14,0.0012
9/02/14,0.002
9/03/14,-0.0009
9/04/14,0.0033
9/05/14,0.0044
9/08/14,-0.0053
9/09/14,-0.0073
9/10/14,0.0029
9/11/14,0.0012
9/12/14,-0.0046
9/15/14,-0.0021
9/16/14,0.0071
9/17/14,-0.0006
9/18/14,0.0036
9/19/14,0.0001
9/22/14,-0.0094
9/23/14,-0.0081
9/24/14,0.012
9/25/14,-0.0136
9/26/14,0.0051
9/29/14,-0.0026
9/30/14,-0.004
10/01/14,-0.0085
10/02/14,0.0055
10/03/14,0.012
10/06/14,-0.0026
10/07/14,-0.0117
10/08/14,0.015
10/09/14,-0.016
10/10/14,-0.0035
10/13/14,-0.0155
10/14/14,0.0049
10/15/14,-0.0089
10/16/14,-0.0014
10/17/14,0.0086
10/20/14,0.0135
10/21/14,0.0118
10/22/14,-0.0038
10/23/14,0.0068
10/24/14,0.0008
10/27/14,0.0009
10/28/14,0.0099
10/29/14,-0.0027
10/30/14,0.0069
10/31/14,0.0081
11/03/14,0.0008
11/04/14,0.0006
11/05/14,0.0046
11/06/14,0.0081
11/07/14,0.0021
11/10/14,0.0036
11/11/14,0.0006
11/12/14,0.0047
11/13/14,0.0051
11/14/14,0
11/17/14,0.0017
11/18/14,0.0031
11/19/14,0.0046
11/20/14,0.0023
11/21/14,0.0038
11/24/14,0.0052
11/25/14,-0.0017
11/26/14,0.0021
11/28/14,0.0099
12/01/14,-0.0109
12/02/14,0.003
12/03/14,0.0007
12/04/14,-0.0019
12/05/14,0.0017
12/08/14,-0.0069
12/09/14,-0.0002
12/10/14,-0.0135
12/11/14,0.009
12/12/14,-0.009
12/15/14,-0.0051
12/16/14,-0.0115
12/17/14,0.0181
12/18/14,0.0182
12/19/14,-0.0011
12/22/14,0.0097
12/23/14,0.0067
12/24/14,-0.002
12/26/14,0.0037
12/29/14,0.003
12/30/14,-0.0034
12/31/14,-0.0068
1/02/15,-0.0051
1/05/15,-0.0127
1/06/15,-0.0044
1/07/15,0.0212
1/08/15,0.0149
1/09/15,-0.0106
1/12/15,-0.004
1/13/15,-0.0023
1/14/15,-0.0063
1/15/15,-0.0077
1/16/15,0.0099
1/20/15,-0.0005
1/21/15,0.0049
1/22/15,0.0159
1/23/15,-0.0022
1/26/15,0.0043
1/27/15,-0.0078
1/28/15,-0.0104
1/29/15,0.0114
1/30/15,-0.0145
2/02/15,0.0105
2/03/15,0.0137
2/04/15,0.0004
2/05/15,0.0062
2/06/15,-0.001
2/09/15,-0.0071
2/10/15,0.0121
2/11/15,0.0031
2/12/15,0.0053
2/13/15,0.0002
2/17/15,-0.0005
2/18/15,0.0026
2/19/15,-0.0023
2/20/15,0.0063
2/23/15,0.0005
2/24/15,0.0033
2/25/15,0.0017
2/26/15,-0.0008
2/27/15,0.001
3/02/15,0.0056
3/03/15,-0.0046
3/04/15,-0.0065
3/05/15,0.0022
3/06/15,-0.0155
3/09/15,0.0048
3/10/15,-0.0132
3/11/15,-0.004
3/12/15,0.0166
3/13/15,-0.0062
3/16/15,0.0116
3/17/15,-0.0039
3/18/15,0.0063
3/19/15,-0.0031
3/20/15,0.01
3/23/15,0.0008
3/24/15,-0.0024
3/25/15,-0.0098
3/26/15,-0.0046
3/27/15,0.0061
3/30/15,0.0111
3/31/15,-0.0056
4/01/15,-0.004
4/02/15,0.0065
4/06/15,0.0063
4/07/15,-0.0053
4/08/15,0.0054
4/09/15,0.0018
4/10/15,0.0024
4/13/15,-0.0048
4/14/15,0
4/15/15,-0.0019
4/16/15,0.0009
4/17/15,-0.0119
4/20/15,0.0086
4/21/15,0.0007
4/22/15,0.0022
4/23/15,0.0015
4/24/15,0.0077
4/27/15,-0.0075
4/28/15,-0.0018
4/29/15,-0.0097
4/30/15,-0.0072
5/01/15,0.011
5/04/15,0.0016
5/05/15,-0.0097
5/06/15,-0.0005
5/07/15,0.0063
5/08/15,0.0102
5/11/15,-0.0024
5/12/15,-0.0017
5/13/15,-0.0025
5/14/15,0.0085
5/15/15,0.0043
5/18/15,0.0022
5/19/15,-0.0041
5/20/15,-0.0026
5/21/15,0.0035
5/22/15,-0.0034
5/26/15,-0.0084
5/27/15,0.0072
5/28/15,-0.0011
5/29/15,-0.0067
6/01/15,0.0013
6/02/15,-0.0003
6/03/15,0.0045
6/04/15,-0.0084
6/05/15,-0.0063
6/08/15,-0.0037
6/09/15,0.0004
6/10/15,0.0096
6/11/15,0.002
6/12/15,-0.003
6/15/15,-0.0065
6/16/15,0.0073
6/17/15,0.0036
6/18/15,0.0112
6/19/15,-0.001
6/22/15,0.0041
6/23/15,0.0018
6/24/15,-0.0075
6/25/15,-0.0021
6/26/15,0.002
6/29/15,-0.0199
6/30/15,0.0015
7/01/15,0.0086
7/02/15,-0.0012
7/06/15,-0.0023
7/07/15,0.0114
7/08/15,-0.0151
7/09/15,0.0029
7/10/15,0.0124
7/13/15,0.0119
7/14/15,0.0026
7/15/15,-0.0041
7/16/15,0.007
7/17/15,-0.0024
7/20/15,0.0014
7/21/15,-0.0037
7/22/15,0.0045
7/23/15,-0.0056
7/24/15,-0.0027
7/27/15,-0.0045
7/28/15,0.01
7/29/15,0.0075
7/30/15,0.0025
7/31/15,0.0021
8/03/15,-0.0017
8/04/15,0.0014
8/05/15,0.0083
8/06/15,-0.0125
8/07/15,-0.0045
8/10/15,0.0065
8/11/15,-0.005
8/12/15,-0.0014
8/13/15,0.0017
8/14/15,0.0046
8/17/15,0.0046
8/18/15,-0.0014
8/19/15,-0.0063
8/20/15,-0.0164
8/21/15,-0.0299
8/24/15,-0.0359
8/25/15,-0.0083
8/26/15,0.034
8/27/15,0.0188
8/28/15,-0.0001
8/31/15,-0.0057
9/01/15,-0.0218
9/02/15,0.0173
9/03/15,0.0031
9/04/15,-0.0125
9/08/15,0.0221
9/09/15,-0.0137
9/10/15,0.0021
9/11/15,0.0071
9/14/15,-0.0054
9/15/15,0.01
9/16/15,0.0108
9/17/15,0.0005
9/18/15,-0.0151
9/21/15,0.0072
9/22/15,-0.0123
9/23/15,-0.0004
9/24/15,-0.0023
9/25/15,-0.0008
9/28/15,-0.0227
9/29/15,-0.0028
9/30/15,0.016
10/01/15,0.0013
10/02/15,0.0139
10/05/15,0.0166
10/06/15,-0.0077
10/07/15,0.0069
10/08/15,0.0092
10/09/15,0.0026
10/12/15,0.0032
10/13/15,-0.0066
10/14/15,-0.015
10/15/15,0.0112
10/16/15,0.0072
10/19/15,0.0033
10/20/15,-0.0026
10/21/15,-0.0036
10/22/15,0.0133
10/23/15,0.0006
10/26/15,0.0026
10/27/15,-0.0043
10/28/15,0.0061
10/29/15,-0.0007
10/30/15,-0.0035
11/02/15,0.0059
11/03/15,0.0003
11/04/15,-0.0019
11/05/15,0.0045
11/06/15,-0.0044
11/09/15,-0.0106
11/10/15,0.0037
11/11/15,-0.0062
11/12/15,-0.0131
11/13/15,-0.0187
11/16/15,0.0144
11/17/15,0.002
11/18/15,0.016
11/19/15,-0.0001
11/20/15,0.0041
11/23/15,0.0078
11/24/15,0.0024
11/25/15,0.0059
11/27/15,0.0011
11/30/15,-0.0092
12/01/15,0.0076
12/02/15,-0.0061
12/03/15,-0.0107
12/04/15,0.0189
12/07/15,-0.0014
12/08/15,-0.0016
12/09/15,-0.0101
12/10/15,0.0018
12/11/15,-0.0166
12/14/15,0.0061
12/15/15,0.0033
12/16/15,0.0173
12/17/15,-0.0143
12/18/15,-0.0124
12/21/15,0.008
12/22/15,0.01
12/23/15,0.0095
12/24/15,-0.0021
12/28/15,-0.0006
12/29/15,0.0106
12/30/15,-0.0049
12/31/15,-0.0102
1/04/16,-0.0153
1/05/16,0.0041
1/06/16,-0.0089
1/07/16,-0.0164
1/08/16,-0.0118
1/11/16,0.0058
1/12/16,0.007
1/13/16,-0.0272
1/14/16,0.0061
1/15/16,-0.0167
1/19/16,0.004
1/20/16,-0.0115
1/21/16,0.008
1/22/16,0.0171
1/25/16,-0.0088
1/26/16,0.0116
1/27/16,-0.0071
1/28/16,0.012
1/29/16,0.0159
2/01/16,0.0034
2/02/16,-0.0159
2/03/16,-0.0092
2/04/16,-0.0047
2/05/16,-0.0189
2/08/16,-0.0127
2/09/16,0.002
2/10/16,0.0021
2/11/16,-0.0049
2/12/16,0.0177
2/16/16,0.0172
2/17/16,0.0142
2/18/16,-0.0057
2/19/16,0.0018
2/22/16,0.0134
2/23/16,-0.0013
2/24/16,0.0058
2/25/16,0.0114
2/26/16,-0.0056
2/29/16,-0.0042
3/01/16,0.0169
3/02/16,0.0005
3/03/16,0.006
3/04/16,0.0027
3/07/16,-0.0017
3/08/16,-0.0036
3/09/16,0.0051
3/10/16,0.001
3/11/16,0.011
3/14/16,0.001
3/15/16,-0.0016
3/16/16,0.0042
3/17/16,0.0027
3/18/16,0.0012
3/21/16,-0.0001
3/22/16,-0.004
3/23/16,-0.0036
3/24/16,0.0012
3/28/16,0.0044
3/29/16,0.0103
3/30/16,0.006
3/31/16,-0.0025
4/01/16,0.008
4/04/16,-0.0055
4/05/16,-0.0083
4/06/16,0.0098
4/07/16,-0.0115
4/08/16,0.0012
4/11/16,-0.0051
4/12/16,0.0073
4/13/16,0.0054
4/14/16,-0.0022
4/15/16,0.0051
4/18/16,0.0063
4/19/16,-0.0003
4/20/16,-0.0037
4/21/16,-0.01
4/22/16,0.0008
4/25/16,0.0031
4/26/16,0.0032
4/27/16,0.0016
4/28/16,-0.0083
4/29/16,0.0018
5/02/16,0.0118
5/03/16,-0.0072
5/04/16,-0.0016
5/05/16,-0.0053
5/06/16,0.0051
5/09/16,0.0065
5/10/16,0.0099
5/11/16,-0.0152
5/12/16,0.0039
5/13/16,-0.0118
5/16/16,0.0075
5/17/16,-0.0155
5/18/16,-0.0071
5/19/16,0.0062
5/20/16,0.0021
5/23/16,-0.0028
5/24/16,0.0115
5/25/16,0.0041
5/26/16,0.004
5/27/16,0.0026
5/31/16,-0.0007
6/01/16,0.0021
6/02/16,0.0052
6/03/16,-0.0007
6/06/16,0.0007
6/07/16,0.0022
6/08/16,0.0047
6/09/16,-0.0004
6/10/16,-0.0064
6/13/16,-0.008
6/14/16,-0.0013
6/15/16,0.0008
6/16/16,0.0038
6/17/16,-0.0024
6/20/16,0.0062
6/21/16,0.0012
6/22/16,-0.0026
6/23/16,0.0099
6/24/16,-0.0247
6/27/16,-0.0126
6/28/16,0.0114
6/29/16,0.0146
6/30/16,0.0145
7/01/16,0.0024
7/05/16,-0.0029
7/06/16,0.0064
7/07/16,0.0008
7/08/16,0.0138
7/11/16,0.004
7/12/16,-0.0005
7/13/16,-0.0003
7/14/16,0.0029
7/15/16,-0.0021
7/18/16,0.0024
7/19/16,-0.001
7/20/16,0.0026
7/21/16,-0.0034
7/22/16,0.0044
7/25/16,0.0004
7/26/16,-0.0037
7/27/16,-0.0089
7/28/16,0.0038
7/29/16,0.0038
8/01/16,-0.0006
8/02/16,-0.0096
8/03/16,-0.0006
8/04/16,0.0008
8/05/16,0.0071
8/08/16,-0.0014
8/09/16,-0.0004
8/10/16,0.0024
8/11/16,0.0051
8/12/16,0.0021
8/15/16,0.0009
8/16/16,-0.0057
8/17/16,-0.0013
8/18/16,0.0028
8/19/16,-0.001
8/22/16,0.0008
8/23/16,0.0017
8/24/16,-0.0038
8/25/16,-0.0053
8/26/16,-0.0034
8/29/16,0.0047
8/30/16,-0.005
8/31/16,-0.0001
9/01/16,-0.0008
9/02/16,0.0051
9/06/16,0.002
9/07/16,-0.0032
9/08/16,-0.0067
9/09/16,-0.0271
9/12/16,0.0156
9/13/16,-0.0136
9/14/16,-0.0028
9/15/16,0.0079
9/16/16,-0.0024
9/19/16,-0.0009
9/20/16,-0.0004
9/21/16,0.0092
9/22/16,0.0087
9/23/16,-0.0029
9/26/16,-0.0103
9/27/16,0.0065
9/28/16,0.0005
9/29/16,-0.0078
9/30/16,0.0098
10/03/16,-0.0029
10/04/16,-0.0059
10/05/16,0.0013
10/06/16,0
10/07/16,-0.0038
10/10/16,0.0023
10/11/16,-0.0096
10/12/16,0.005
10/13/16,-0.002
10/14/16,-0.001
10/17/16,-0.006
10/18/16,0.0036
10/19/16,0.0001
10/20/16,-0.002
10/21/16,0.0054
10/24/16,0.0096
10/25/16,-0.0083
10/26/16,-0.0031
10/27/16,-0.0065
10/28/16,-0.0049
10/31/16,0.0034
11/01/16,-0.0079
11/02/16,-0.0023
11/03/16,-0.0078
11/04/16,-0.004
11/07/16,0.0206
11/08/16,0.0024
11/09/16,0.0013
11/10/16,-0.0066
11/11/16,0.0022
11/14/16,0.0007
11/15/16,0.0057
11/16/16,0.0027
11/17/16,0.0046
11/18/16,-0.003
11/21/16,0.0075
11/22/16,0.0106
11/23/16,-0.0008
11/25/16,0.0044
11/28/16,-0.0044
11/29/16,0
11/30/16,-0.0105
12/01/16,-0.0017
12/02/16,0.0016
12/05/16,0.0068
12/06/16,0.0032
12/07/16,0.0159
12/08/16,-0.0005
12/09/16,0.0068
12/12/16,-0.0017
12/13/16,0.0059
12/14/16,-0.0108
12/15/16,0.0008
12/16/16,0.0008
12/19/16,0.0021
12/20/16,0.0038
12/21/16,-0.0012
12/22/16,-0.0092
12/23/16,-0.0001
12/27/16,0.0033
12/28/16,-0.0058
12/29/16,0.0008
12/30/16,-0.007
1/03/17,0.0046
1/04/17,0.008
1/05/17,-0.0023
1/06/17,0.0006
1/09/17,-0.0028
1/10/17,0.0017
1/11/17,0.0011
1/12/17,0.0001
1/13/17,0.0005
1/17/17,0.0059
1/18/17,0.0005
1/19/17,-0.0053
1/20/17,0.0015
1/23/17,-0.0006
1/24/17,0.0081
1/25/17,0.005
1/26/17,-0.0058
1/27/17,-0.0066
1/30/17,-0.0012
1/31/17,0.0013
2/01/17,-0.0045
2/02/17,0.003
2/03/17,0.0021
2/06/17,-0.0036
2/07/17,0.0025
2/08/17,0.0061
2/09/17,0.0077
2/10/17,0.0035
2/13/17,0.0005
2/14/17,0.0048
2/15/17,0.0038
2/16/17,-0.003
2/17/17,0.0062
2/21/17,0.0088
2/22/17,-0.002
2/23/17,-0.0041
2/24/17,0.0049
2/27/17,-0.0013
2/28/17,-0.0055
3/01/17,0.008
3/02/17,0
3/03/17,-0.0022
3/06/17,-0.0061
3/07/17,-0.0043
3/08/17,0.0015
3/09/17,-0.0011
3/10/17,0.003
3/13/17,0.0003
3/14/17,-0.0008
3/15/17,0.007
3/16/17,0.0008
3/17/17,0.0006
3/20/17,-0.0028
3/21/17,-0.0088
3/22/17,0.0017
3/23/17,-0.0008
3/24/17,-0.0007
3/27/17,0.0003
3/28/17,0.0061
3/29/17,0.0061
3/30/17,-0.0002
3/31/17,0.0003
4/03/17,-0.0034
4/04/17,-0.0001
4/05/17,-0.0021
4/06/17,0.0026
4/07/17,0.0002
4/10/17,0.0048
4/11/17,0.0011
4/12/17,-0.0031
4/13/17,-0.0069
4/17/17,0.0081
4/18/17,0.0007
4/19/17,0.0001
4/20/17,0.006
4/21/17,-0.0017
4/24/17,0.009
4/25/17,0.0031
4/26/17,0.0008
4/27/17,0.0015
4/28/17,-0.0027
5/01/17,-0.0018
5/02/17,0.0005
5/03/17,-0.0006
5/04/17,0.0022
5/05/17,0.0044
5/08/17,0.0021
5/09/17,0.0016
5/10/17,0.0011
5/11/17,-0.0039
5/12/17,-0.0033
5/15/17,0.0026
5/16/17,-0.0022
5/17/17,-0.0107
5/18/17,0.004
5/19/17,0.0064
5/22/17,0.0063
5/23/17,-0.0023
5/24/17,0.003
5/25/17,0.0077
5/26/17,0.0022
5/30/17,-0.0007
5/31/17,0.0021
6/01/17,0.0109
6/02/17,0.0031
6/05/17,-0.0005
6/06/17,-0.0071
6/07/17,0.0009
6/08/17,-0.0034
6/09/17,-0.0018
6/12/17,-0.0015
6/13/17,0.0048
6/14/17,0.0029
6/15/17,-0.0052
6/16/17,-0.0068
6/19/17,0.006
6/20/17,-0.0077
6/21/17,-0.0019
6/22/17,-0.002
6/23/17,0
6/26/17,0.0033
6/27/17,-0.0076
6/28/17,0.0076
6/29/17,-0.0085
6/30/17,0.0026
7/03/17,-0.0006
7/05/17,-0.0039
7/06/17,-0.0096
7/07/17,0.0044
7/10/17,-0.0048
7/11/17,-0.0013
7/12/17,0.007
7/13/17,0.0021
7/14/17,0.005
7/17/17,0.0019
7/18/17,-0.0011
7/19/17,0.0044
7/20/17,-0.0023
7/21/17,-0.0001
7/24/17,-0.0016
7/25/17,0.0092
7/26/17,-0.0002
7/27/17,0.0048
7/28/17,-0.0094
7/31/17,-0.0043
8/01/17,0.0007
8/02/17,-0.0013
8/03/17,-0.0029
8/04/17,0.0019
8/07/17,0.0046
8/08/17,-0.0034
8/09/17,-0.0018
8/10/17,-0.0123
8/11/17,0.004
8/14/17,0.0065
8/15/17,-0.0048
8/16/17,0.0044
8/17/17,-0.0126
8/18/17,-0.0051
8/21/17,0.001
8/22/17,0.0072
8/23/17,-0.004
8/24/17,-0.0082
8/25/17,0.0028
8/28/17,-0.0009
8/29/17,0.0006
8/30/17,0.0044
8/31/17,0.0039
9/01/17,0.0049
9/05/17,-0.001
9/06/17,0.0051
9/07/17,0.0024
9/08/17,-0.004
9/11/17,0.0071
9/12/17,0.0039
9/13/17,0.005
9/14/17,-0.0038
9/15/17,0.0019
9/18/17,-0.0022
9/19/17,-0.0043
9/20/17,-0.0015
9/21/17,-0.0048
9/22/17,0
9/25/17,0.0025
9/26/17,0.0018
9/27/17,0.0023
9/28/17,0.0016
9/29/17,0.0002
10/02/17,0.0018
10/03/17,0.002
10/04/17,0.0023
10/05/17,0.0055
10/06/17,-0.0037
10/09/17,-0.0041
10/10/17,0.0062
10/11/17,0.0021
10/12/17,0.001
10/13/17,0.0009
10/16/17,-0.0008
10/17/17,0
10/18/17,-0.0004
10/19/17,-0.0026
10/20/17,0.0044
10/23/17,-0.0032
10/24/17,0.0006
10/25/17,-0.0042
10/26/17,0.0027
10/27/17,0.0086
10/30/17,-0.0065
10/31/17,0.0045
11/01/17,-0.0006
11/02/17,-0.0044
11/03/17,0.0033
11/06/17,-0.0045
11/07/17,0.0017
11/08/17,0.0063
11/09/17,-0.0012
11/10/17,0.0056
11/13/17,0.003
11/14/17,0.0032
11/15/17,-0.0079
11/16/17,0.0175
11/17/17,0.0005
11/20/17,0.0018
11/21/17,0.0033
11/22/17,0.0014
11/24/17,0.0025
11/27/17,0.0013
11/28/17,0.0115
11/29/17,0.0052
11/30/17,0.0078
12/01/17,-0.0018
12/04/17,0.0078
12/05/17,-0.0034
12/06/17,0.0011
12/07/17,-0.0005
12/08/17,0.0039
12/11/17,0.0007
12/12/17,-0.0012
12/13/17,0.0035
12/14/17,-0.0046
12/15/17,0.0089
12/18/17,0.007
12/19/17,0.0008
12/20/17,-0.0012
12/21/17,0.0004
12/22/17,-0.0006
12/26/17,0.0038
12/27/17,-0.0003
12/28/17,0.0009
12/29/17,-0.0051
1/02/18,0.0051
1/03/18,0.0031
1/04/18,0.0032
1/05/18,0.0074
1/08/18,0.0039
1/09/18,0.0002
1/10/18,-0.0028
1/11/18,0.0094
1/12/18,0.0085
1/16/18,-0.0021
1/17/18,0.0065
1/18/18,-0.0012
1/19/18,0.0104
1/22/18,0.0088
1/23/18,0.005
1/24/18,0.0009
1/25/18,-0.0004
1/26/18,0.0099
1/29/18,-0.0023
1/30/18,-0.0079
1/31/18,-0.0033
2/01/18,-0.0098
2/02/18,-0.0133
2/05/18,-0.0353
2/06/18,0.0182
2/07/18,-0.0016
2/08/18,-0.0324
2/09/18,0.0048
2/12/18,0.0112
2/13/18,0.0051
2/14/18,0.0102
2/15/18,0.0105
2/16/18,-0.0013
2/20/18,-0.014
2/21/18,-0.0045
2/22/18,0.0028
2/23/18,0.0116
2/26/18,0.0071
2/27/18,-0.014
2/28/18,-0.0077
3/01/18,-0.0098
3/02/18,0.0038
3/05/18,0.0098
3/06/18,0.0045
3/07/18,-0.0067
3/08/18,0.0037
3/09/18,0.0122
3/12/18,0.001
3/13/18,-0.0019
3/14/18,-0.0062
3/15/18,-0.0043
3/16/18,0.002
3/19/18,-0.0134
3/20/18,0.0032
3/21/18,-0.0037
3/22/18,-0.0172
3/23/18,-0.0176
3/26/18,0.0236
3/27/18,-0.0145
3/28/18,-0.001
3/29/18,0.01
4/02/18,-0.0281
4/03/18,0.0143
4/04/18,0.0171
4/05/18,0.011
4/06/18,-0.0176
4/09/18,-0.0017
4/10/18,0.0123
4/11/18,-0.0035
4/12/18,0.0024
4/13/18,-0.003
4/16/18,0.0098
4/17/18,0.0108
4/18/18,0.0013
4/19/18,-0.0112
4/20/18,-0.0127
4/23/18,0.0012
4/24/18,-0.0121
4/25/18,0.0024
4/26/18,0.0161
4/27/18,0.0095
4/30/18,-0.0058
5/01/18,-0.0035
5/02/18,-0.0096
5/03/18,-0.0065
5/04/18,0.0119
5/07/18,-0.0015
5/08/18,-0.0009
5/09/18,0.0023
5/10/18,0.0044
5/11/18,0.0018
5/14/18,0.0013
5/15/18,-0.0052
5/16/18,0.0077
5/17/18,0.0007
5/18/18,-0.0047
5/21/18,0.006
5/22/18,-0.0068
5/23/18,0.0066
5/24/18,0.0017
5/25/18,0.0001
5/29/18,-0.0036
5/30/18,0.0127
5/31/18,-0.0089
6/01/18,0.0054
6/04/18,0.0125
6/05/18,0.0046
6/06/18,0.0057
6/07/18,0.0033
6/08/18,0.0056
6/11/18,0.0057
6/12/18,0.0041
6/13/18,-0.0022
6/14/18,0.0034
6/15/18,0.0046
6/18/18,-0.0031
6/19/18,0.0006
6/20/18,0.0026
6/21/18,-0.0039
6/22/18,0.0005
6/25/18,-0.0094
6/26/18,0.0025
6/27/18,-0.0088
6/28/18,0.0021
6/29/18,-0.0035
7/02/18,-0.0012
7/03/18,-0.0017
7/05/18,0.0079
7/06/18,0.0054
7/09/18,0.0072
7/10/18,0.0055
7/11/18,-0.0035
7/12/18,0.0046
7/13/18,0.0065
7/16/18,-0.0027
7/17/18,0.0083
7/18/18,-0.0014
7/19/18,-0.0013
7/20/18,-0.0005
7/23/18,-0.0024
7/24/18,-0.0005
7/25/18,0.0066
7/26/18,-0.006
7/27/18,-0.0023
7/30/18,-0.0038
7/31/18,0.0024
8/01/18,-0.0071
8/02/18,0.011
8/03/18,0.0063
8/06/18,0.0035
8/07/18,0.0034
8/08/18,0.0012
8/09/18,0.0023
8/10/18,-0.0044
8/13/18,-0.0022
8/14/18,0.0116
8/15/18,-0.008
8/16/18,0.011
8/17/18,0.0036
8/20/18,0.0032
8/21/18,0.0014
8/22/18,-0.0005
8/23/18,-0.0008
8/24/18,0.0003
8/27/18,0.0035
8/28/18,0
8/29/18,0.0075
8/30/18,-0.0049
8/31/18,0.0041
9/04/18,0.0034
9/05/18,-0.0013
9/06/18,-0.0026
9/07/18,-0.0016
9/10/18,0.0043
9/11/18,0.0038
9/12/18,0.0042
9/13/18,-0.0026
9/14/18,-0.0029
9/17/18,-0.0073
9/18/18,0.0042
9/19/18,-0.0007
9/20/18,0.0079
9/21/18,-0.0021
9/24/18,-0.0079
9/25/18,0.002
9/26/18,0.0011
9/27/18,0.0026
9/28/18,-0.0016
10/01/18,-0.0004
10/02/18,-0.0076
10/03/18,-0.0046
10/04/18,-0.0089
10/05/18,-0.0062
10/08/18,0.0045
10/09/18,-0.0012
10/10/18,-0.0266
10/11/18,-0.0199
10/12/18,0.0154
10/15/18,-0.0006
10/16/18,0.0185
10/17/18,-0.0026
10/18/18,-0.0132
10/19/18,0.0001
10/22/18,0.0008
10/23/18,0.0015
10/24/18,-0.0216
10/25/18,0.0222
10/26/18,-0.0254
10/29/18,-0.0039
10/30/18,0.0156
10/31/18,0.0045
11/01/18,0.0153
11/02/18,0
11/05/18,0.0033
11/06/18,0.0068
11/07/18,0.0214
11/08/18,0.0025
11/09/18,-0.0084
11/12/18,-0.0166
11/13/18,-0.0026
11/14/18,-0.0085
11/15/18,-0.0005
11/16/18,-0.0035
11/19/18,-0.0158
11/20/18,-0.0218
11/21/18,0.0034
11/23/18,-0.0013
11/26/18,0.0159
11/27/18,0.0037
11/28/18,0.0249
11/29/18,-0.0018
11/30/18,0.0068
12/03/18,0.0126
12/04/18,-0.0317
12/06/18,0.0013
12/07/18,-0.025
12/10/18,0.0007
12/11/18,0.0015
12/12/18,0.006
12/13/18,-0.0025
12/14/18,-0.0219
12/17/18,-0.0239
12/18/18,-0.0001
12/19/18,-0.0164
12/20/18,-0.0212
12/21/18,-0.0225
12/24/18,-0.021
12/26/18,0.0497
12/27/18,0.0035
12/28/18,0.003
12/31/18,0.0078
1/02/19,0.0038
1/03/19,-0.0147
1/04/19,0.0295
1/07/19,0.0154
1/08/19,0.0114
1/09/19,0.0006
1/10/19,0.0011
1/11/19,0.0013
1/14/19,-0.0062
1/15/19,0.0103
1/16/19,-0.0013
1/17/19,0.0067
1/18/19,0.0114
1/22/19,-0.0151
1/23/19,0.0028
1/24/19,-0.0022
1/25/19,0.0066
1/28/19,-0.0037
1/29/19,-0.0046
1/30/19,0.0136
1/31/19,0.0123
2/01/19,-0.0132
2/04/19,0.007
2/05/19,0.006
2/06/19,-0.0036
2/07/19,-0.0044
2/08/19,-0.003
2/11/19,0.003
2/12/19,0.0148
2/13/19,0.0038
2/14/19,-0.0062
2/15/19,0.0075
2/19/19,0.0043
2/20/19,-0.0018
2/21/19,-0.0021
2/22/19,0.0009
2/25/19,-0.0031
2/26/19,-0.0007
2/27/19,0.0008
2/28/19,0.0019
3/01/19,0.0037
3/04/19,-0.0036
3/05/19,-0.0007
3/06/19,-0.0059
3/07/19,-0.0113
3/08/19,-0.0031
3/11/19,0.0155
3/12/19,0.0004
3/13/19,0.0059
3/14/19,-0.0037
3/15/19,0.0042
3/18/19,0.0092
3/19/19,0.0021
3/20/19,0
3/21/19,0.0127
3/22/19,-0.0149
3/25/19,0.0032
3/26/19,0.0063
3/27/19,-0.0027
3/28/19,0.0059
3/29/19,0.0055
4/01/19,0.0072
4/02/19,-0.0062
4/03/19,0.0023
4/04/19,0.0059
4/05/19,0.0061
4/08/19,0.0029
4/09/19,-0.0069
4/10/19,0.0051
4/11/19,0.001
4/12/19,0.004
4/15/19,0.004
4/16/19,0.0022
4/17/19,0.002
4/18/19,0.0001
4/22/19,-0.0036
4/23/19,0.0107
4/24/19,0.0009
4/25/19,-0.0065
4/26/19,0.0072
4/29/19,-0.0005
4/30/19,0.0029
5/01/19,-0.0108
5/02/19,0.0009
5/03/19,0.0127
5/06/19,-0.0032
5/07/19,-0.0136
5/08/19,-0.0008
5/09/19,-0.0028
5/10/19,0.0024
5/13/19,-0.0247
5/14/19,0.007
5/15/19,0.0066
5/16/19,0.0082
5/17/19,-0.0062
5/20/19,-0.0033
5/21/19,0.0036
5/22/19,-0.0042
5/23/19,-0.0097
5/24/19,0.0004
5/28/19,-0.009
5/29/19,-0.0092
5/30/19,0.0034
5/31/19,-0.0128
6/03/19,-0.0018
6/04/19,0.0191
6/05/19,0.0062
6/06/19,0.0057
6/07/19,0.0126
6/10/19,0.0084
6/11/19,0.0028
6/12/19,-0.0005
6/13/19,0.0068
6/14/19,0.0001
6/17/19,0.0009
6/18/19,0.003
6/19/19,0.0031
6/20/19,0.0066
6/21/19,-0.0031
6/24/19,-0.0038
6/25/19,-0.0052
6/26/19,-0.0012
6/27/19,0.005
6/28/19,0.0025
7/01/19,0.0061
7/02/19,0.0031
7/03/19,0.0096
7/05/19,-0.0002
7/08/19,0.0004
7/09/19,0.0003
7/10/19,0.0052
7/11/19,0.0018
7/12/19,0.0082
7/15/19,0.002
7/16/19,-0.0014
7/17/19,-0.0059
7/18/19,0.0017
7/19/19,-0.0054
7/22/19,-0.0012
7/23/19,0.0075
7/24/19,0.0036
7/25/19,-0.0064
7/26/19,0.0045
7/29/19,-0.0037
7/30/19,-0.0046
7/31/19,-0.0131
8/01/19,-0.0096
8/02/19,-0.0041
8/05/19,-0.0267
8/06/19,0.0109
8/07/19,0.0066
8/08/19,0.0158
8/09/19,-0.0087
8/12/19,-0.0118
8/13/19,0.0148
8/14/19,-0.0265
8/15/19,0.0064
8/16/19,0.0118
8/19/19,0.0102
8/20/19,-0.0053
8/21/19,0.0113
8/22/19,0.0019
8/23/19,-0.0241
8/26/19,0.0103
8/27/19,-0.0065
8/28/19,0.0097
8/29/19,0.0113
8/30/19,-0.002
9/03/19,-0.0023
9/04/19,0.0091
9/05/19,0.0114
9/06/19,0.0028
9/09/19,0.004
9/10/19,-0.0015
9/11/19,0.0049
9/12/19,0.0027
9/13/19,-0.0029
9/16/19,-0.01
9/17/19,0.0039
9/18/19,-0.0019
9/19/19,-0.0015
9/20/19,-0.008
9/23/19,0.0019
9/24/19,-0.0082
9/25/19,0.0076
9/26/19,-0.0025
9/27/19,-0.0029
9/30/19,0.007
10/01/19,-0.0068
10/02/19,-0.0179
10/03/19,0.0055
10/04/19,0.0106
10/07/19,-0.0047
10/08/19,-0.0096
10/09/19,0.0085
10/10/19,0.0048
10/11/19,0.0092
10/14/19,-0.0023
10/15/19,0.0077
10/16/19,0.0029
10/17/19,0.0064
10/18/19,-0.003
10/21/19,0.0032
10/22/19,-0.0035
10/23/19,-0.0022
10/24/19,0.0026
10/25/19,-0.0008
10/28/19,0.0031
10/29/19,-0.0039
10/30/19,0.0035
10/31/19,-0.0033
11/01/19,0.0065
11/04/19,0.0017
11/05/19,0.002
11/06/19,0.0023
11/07/19,-0.0005
11/08/19,-0.0001
11/11/19,-0.0023
11/12/19,0.0018
11/13/19,0.0002
11/14/19,0.0017
11/15/19,0.0017
11/18/19,0.003
11/19/19,-0.0059
11/20/19,-0.0024
11/21/19,-0.0038
11/22/19,0.0022
11/25/19,0.0076
11/26/19,0.0061
11/27/19,0.0055
11/29/19,-0.0051
12/02/19,-0.0044
12/03/19,-0.0072
12/04/19,0.0035
12/05/19,-0.002
12/06/19,0.0075
12/09/19,0.0003
12/10/19,-0.0026
12/11/19,0.0022
12/12/19,0.0059
12/13/19,-0.0017
12/16/19,0.0054
12/17/19,0.0026
12/18/19,0.0002
12/19/19,0.0046
12/20/19,0.0038
12/23/19,-0.0021
12/24/19,0.0013
12/26/19,0.0089
12/27/19,0.0007
12/30/19,-0.0057
12/31/19,0.0013
1/02/20,0.0049
1/03/20,-0.0052
1/06/20,0.0041
1/07/20,-0.0031
1/08/20,0.002
1/09/20,0.0044
1/10/20,-0.0043
1/13/20,0.0063
1/14/20,0.0003
1/15/20,-0.0003
1/16/20,0.007
1/17/20,-0.0001
1/21/20,0.0028
1/22/20,0.0013
1/23/20,0.0001
1/24/20,-0.0109
1/27/20,-0.0095
1/28/20,0.0067
1/29/20,-0.0015
1/30/20,0.006
1/31/20,-0.001
2/03/20,0.0072
2/04/20,0.0155
2/05/20,0.0018
2/06/20,0
2/07/20,-0.0001
2/10/20,0.0098
2/11/20,0.005
2/12/20,0.0051
2/13/20,0.0015
2/14/20,-0.0013
2/18/20,0.0034
2/19/20,0.0037
2/20/20,0.0005
2/21/20,-0.0082
2/24/20,-0.0305
2/25/20,-0.0235
2/26/20,-0.0061
2/27/20,-0.043
2/28/20,-0.0152
3/02/20,0.0439
3/03/20,-0.0191
3/04/20,0.0371
3/05/20,-0.0282
3/06/20,-0.0123
3/09/20,-0.0567
3/10/20,0.0416
3/11/20,-0.0452
3/12/20,-0.0951
3/13/20,0.0686
3/16/20,-0.1045
3/17/20,0.0605
3/18/20,-0.0421
3/19/20,0.017
3/20/20,-0.0424
3/23/20,-0.006
3/24/20,0.0694
3/25/20,0.0009
3/26/20,0.0449
3/27/20,-0.025
3/30/20,0.03
3/31/20,-0.0139
4/01/20,-0.0319
4/02/20,0.0103
4/03/20,-0.0058
4/06/20,0.0614
4/07/20,0.0059
4/08/20,0.022
4/09/20,0.0159
4/13/20,0.0054
4/14/20,0.0404
4/15/20,-0.0162
4/16/20,0.0166
4/17/20,0.0157
4/20/20,-0.0129
4/21/20,-0.0272
4/22/20,0.0182
4/23/20,-0.0025
4/24/20,0.0156
4/27/20,0.0139
4/28/20,-0.0007
4/29/20,0.0129
4/30/20,-0.0056
